DblPrecio|DtmFechaExtraccion|DtmFechaHoraLlegadaIda|DtmFechaHoraLlegadaVuelta|DtmFechaHoraSalidaIda|DtmFechaHoraSalidaVuelta|DtmFechaLlegadaIda|DtmFechaLlegadaVuelta|DtmFechaSalidaIda|DtmFechaSalidaVuelta|IntAdultos|IntIdDestino|IntIdFranjaHorariaIda|IntIdFranjaHorariaVuelta|IntIdFuente|IntIdOrigen|IntIdTipoTransporte|IntNinos|StrDestino|StrDuracionIda|StrDuracionTotal|StrDuracionVuelta|StrEmpresa|StrFranjaHorariaIda|StrFranjaHorariaVuelta|StrFuente|StrHoraLlegadaIda|StrHoraLlegadaVuelta|StrHoraSalidaIda|StrHoraSalidaVuelta|StrOrigen|StrTipoTransporte|_id
139.0|2018-11-26T23:00:00.000Z|2018-12-21T14:40:01.000Z|2018-12-23T23:40:01.000Z|2018-12-21T09:00:00.000Z|2018-12-23T18:00:00.000Z|2018-12-20T23:00:00.000Z|2018-12-23T23:00:00.000Z|2018-12-20T23:00:00.000Z|2018-12-22T23:00:00.000Z|2|1|2|3|4|22|5|0|Madrid|5h 40m|11h 20m|5h 40m|Blablacar|de 08:00 a 14:59|de 15:00 a 19:59|Blablacar|15:40|00:40|10:00|19:00|Jerez|Blablacar|5bfcabaef44f319b3f000e19
121.0|2018-11-26T23:00:00.000Z|2018-12-21T20:10:01.000Z|2018-12-23T23:40:01.000Z|2018-12-21T14:30:00.000Z|2018-12-23T18:00:00.000Z|2018-12-20T23:00:00.000Z|2018-12-23T23:00:00.000Z|2018-12-20T23:00:00.000Z|2018-12-22T23:00:00.000Z|2|1|3|3|4|22|5|0|Madrid|5h 40m|11h 20m|5h 40m|Blablacar|de 15:00 a 19:59|de 15:00 a 19:59|Blablacar|21:10|00:40|15:30|19:00|Jerez|Blablacar|5bfcabaef44f319b3f000e1a
85.422|2018-11-26T23:00:00.000Z|2018-12-21T10:40:01.000Z|2018-12-24T01:40:01.000Z|2018-12-21T05:00:00.000Z|2018-12-23T20:00:00.000Z|2018-12-20T23:00:00.000Z|2018-12-23T23:00:00.000Z|2018-12-20T23:00:00.000Z|2018-12-22T23:00:00.000Z|2|1|1|4|8|22|3|0|Madrid|5h 40m|11h 20m|5h 40m|Coche propio|de 00:00 a 7:59|de 20:00 a 23:59|Coche Propio|11:40|02:40|06:00|21:00|Jerez|Coche Propio|5bfc8108f44f319b3fffb5a1
85.422|2018-11-26T23:00:00.000Z|2018-12-21T16:40:01.000Z|2018-12-24T01:40:01.000Z|2018-12-21T11:00:00.000Z|2018-12-23T20:00:00.000Z|2018-12-20T23:00:00.000Z|2018-12-23T23:00:00.000Z|2018-12-20T23:00:00.000Z|2018-12-22T23:00:00.000Z|2|1|2|4|8|22|3|0|Madrid|5h 40m|11h 20m|5h 40m|Coche propio|de 08:00 a 14:59|de 20:00 a 23:59|Coche Propio|17:40|02:40|12:00|21:00|Jerez|Coche Propio|5bfc8108f44f319b3fffb5a5
85.422|2018-11-26T23:00:00.000Z|2018-12-21T22:40:01.000Z|2018-12-24T01:40:01.000Z|2018-12-21T17:00:00.000Z|2018-12-23T20:00:00.000Z|2018-12-20T23:00:00.000Z|2018-12-23T23:00:00.000Z|2018-12-20T23:00:00.000Z|2018-12-22T23:00:00.000Z|2|1|3|4|8|22|3|0|Madrid|5h 40m|11h 20m|5h 40m|Coche propio|de 15:00 a 19:59|de 20:00 a 23:59|Coche Propio|23:40|02:40|18:00|21:00|Jerez|Coche Propio|5bfc8108f44f319b3fffb5a9
85.422|2018-11-26T23:00:00.000Z|2018-12-22T01:40:01.000Z|2018-12-24T01:40:01.000Z|2018-12-21T20:00:00.000Z|2018-12-23T20:00:00.000Z|2018-12-21T23:00:00.000Z|2018-12-23T23:00:00.000Z|2018-12-20T23:00:00.000Z|2018-12-22T23:00:00.000Z|2|1|4|4|8|22|3|0|Madrid|5h 40m|11h 20m|5h 40m|Coche propio|de 20:00 a 23:59|de 20:00 a 23:59|Coche Propio|02:40|02:40|21:00|21:00|Jerez|Coche Propio|5bfc8108f44f319b3fffb5ad
820.0|2018-11-26T23:00:00.000Z|2018-12-21T17:55:00.000Z|2018-12-23T13:10:00.000Z|2018-12-21T16:40:00.000Z|2018-12-23T06:00:00.000Z|2018-12-20T23:00:00.000Z|2018-12-22T23:00:00.000Z|2018-12-20T23:00:00.000Z|2018-12-22T23:00:00.000Z|2|1|3|1|1|22|1|0|Madrid|1h 15m|8h 25m|7h 10m|Iberia,Vueling Airlines|de 15:00 a 19:59|de 00:00 a 7:59|Skyscanner|18:55|14:10|17:40|07:00|Jerez|Avión|5bfd1c90f44f319b3f00d099
742.0|2018-11-26T23:00:00.000Z|2018-12-21T13:40:00.000Z|2018-12-23T13:10:00.000Z|2018-12-21T12:25:00.000Z|2018-12-23T06:00:00.000Z|2018-12-20T23:00:00.000Z|2018-12-22T23:00:00.000Z|2018-12-20T23:00:00.000Z|2018-12-22T23:00:00.000Z|2|1|2|1|1|22|1|0|Madrid|1h 15m|8h 25m|7h 10m|Iberia,Vueling Airlines|de 08:00 a 14:59|de 00:00 a 7:59|Skyscanner|14:40|14:10|13:25|07:00|Jerez|Avión|5bfd1c90f44f319b3f00d093
687.0|2018-11-26T23:00:00.000Z|2018-12-21T17:55:00.000Z|2018-12-23T16:00:00.000Z|2018-12-21T16:40:00.000Z|2018-12-23T14:45:00.000Z|2018-12-20T23:00:00.000Z|2018-12-22T23:00:00.000Z|2018-12-20T23:00:00.000Z|2018-12-22T23:00:00.000Z|2|1|3|3|1|22|1|0|Madrid|1h 15m|2h 30m|1h 15m|Iberia,Iberia|de 15:00 a 19:59|de 15:00 a 19:59|Skyscanner|18:55|17:00|17:40|15:45|Jerez|Avión|5bfd1c90f44f319b3f00d095
687.0|2018-11-26T23:00:00.000Z|2018-12-21T17:55:00.000Z|2018-12-23T11:45:00.000Z|2018-12-21T16:40:00.000Z|2018-12-23T10:30:00.000Z|2018-12-20T23:00:00.000Z|2018-12-22T23:00:00.000Z|2018-12-20T23:00:00.000Z|2018-12-22T23:00:00.000Z|2|1|3|2|1|22|1|0|Madrid|1h 15m|2h 30m|1h 15m|Iberia,Iberia|de 15:00 a 19:59|de 08:00 a 14:59|Skyscanner|18:55|12:45|17:40|11:30|Jerez|Avión|5bfd1c90f44f319b3f00d097
616.0|2018-11-26T23:00:00.000Z|2018-12-21T13:40:00.000Z|2018-12-23T16:00:00.000Z|2018-12-21T12:25:00.000Z|2018-12-23T14:45:00.000Z|2018-12-20T23:00:00.000Z|2018-12-22T23:00:00.000Z|2018-12-20T23:00:00.000Z|2018-12-22T23:00:00.000Z|2|1|2|3|1|22|1|0|Madrid|1h 15m|2h 30m|1h 15m|Iberia,Iberia|de 08:00 a 14:59|de 15:00 a 19:59|Skyscanner|14:40|17:00|13:25|15:45|Jerez|Avión|5bfd1c90f44f319b3f00d094
616.0|2018-11-26T23:00:00.000Z|2018-12-21T13:40:00.000Z|2018-12-23T11:45:00.000Z|2018-12-21T12:25:00.000Z|2018-12-23T10:30:00.000Z|2018-12-20T23:00:00.000Z|2018-12-22T23:00:00.000Z|2018-12-20T23:00:00.000Z|2018-12-22T23:00:00.000Z|2|1|2|2|1|22|1|0|Madrid|1h 15m|2h 30m|1h 15m|Iberia,Iberia|de 08:00 a 14:59|de 08:00 a 14:59|Skyscanner|14:40|12:45|13:25|11:30|Jerez|Avión|5bfd1c90f44f319b3f00d096
570.0|2018-11-26T23:00:00.000Z|2018-12-21T07:00:00.000Z|2018-12-23T13:10:00.000Z|2018-12-21T05:45:00.000Z|2018-12-23T06:00:00.000Z|2018-12-20T23:00:00.000Z|2018-12-22T23:00:00.000Z|2018-12-20T23:00:00.000Z|2018-12-22T23:00:00.000Z|2|1|1|1|1|22|1|0|Madrid|1h 15m|8h 25m|7h 10m|Iberia,Vueling Airlines|de 00:00 a 7:59|de 00:00 a 7:59|Skyscanner|08:00|14:10|06:45|07:00|Jerez|Avión|5bfd1c90f44f319b3f00d09a
491.0|2018-11-26T23:00:00.000Z|2018-12-21T07:00:00.000Z|2018-12-23T16:00:00.000Z|2018-12-21T05:45:00.000Z|2018-12-23T14:45:00.000Z|2018-12-20T23:00:00.000Z|2018-12-22T23:00:00.000Z|2018-12-20T23:00:00.000Z|2018-12-22T23:00:00.000Z|2|1|1|3|1|22|1|0|Madrid|1h 15m|2h 30m|1h 15m|Iberia,Iberia|de 00:00 a 7:59|de 15:00 a 19:59|Skyscanner|08:00|17:00|06:45|15:45|Jerez|Avión|5bfd1c90f44f319b3f00d092
491.0|2018-11-26T23:00:00.000Z|2018-12-21T07:00:00.000Z|2018-12-23T11:45:00.000Z|2018-12-21T05:45:00.000Z|2018-12-23T10:30:00.000Z|2018-12-20T23:00:00.000Z|2018-12-22T23:00:00.000Z|2018-12-20T23:00:00.000Z|2018-12-22T23:00:00.000Z|2|1|1|2|1|22|1|0|Madrid|1h 15m|2h 30m|1h 15m|Iberia,Iberia|de 00:00 a 7:59|de 08:00 a 14:59|Skyscanner|08:00|12:45|06:45|11:30|Jerez|Avión|5bfd1c90f44f319b3f00d098
228.8|2018-11-26T23:00:00.000Z|2018-12-21T11:36:00.000Z|2018-12-23T11:10:00.000Z|2018-12-21T07:50:00.000Z|2018-12-23T07:30:00.000Z|2018-12-20T23:00:00.000Z|2018-12-22T23:00:00.000Z|2018-12-20T23:00:00.000Z|2018-12-22T23:00:00.000Z|2|1|2|2|2|22|2|0|Madrid|3 h. 46 min.|7h 26m|3 h. 40 min.|Renfe|de 08:00 a 14:59|de 08:00 a 14:59|Renfe|12:36|12:10|08:50|08:30|Jerez|Tren|5bfc56a9f44f319b3ffed816
228.8|2018-11-26T23:00:00.000Z|2018-12-21T11:36:00.000Z|2018-12-23T18:36:00.000Z|2018-12-21T07:50:00.000Z|2018-12-23T15:10:00.000Z|2018-12-20T23:00:00.000Z|2018-12-22T23:00:00.000Z|2018-12-20T23:00:00.000Z|2018-12-22T23:00:00.000Z|2|1|2|3|2|22|2|0|Madrid|3 h. 46 min.|7h 12m|3 h. 26 min.|Renfe|de 08:00 a 14:59|de 15:00 a 19:59|Renfe|12:36|19:36|08:50|16:10|Jerez|Tren|5bfc56a9f44f319b3ffed817
210.0|2018-11-26T23:00:00.000Z|2018-12-21T09:05:00.000Z|2018-12-23T11:10:00.000Z|2018-12-21T05:17:00.000Z|2018-12-23T07:30:00.000Z|2018-12-20T23:00:00.000Z|2018-12-22T23:00:00.000Z|2018-12-20T23:00:00.000Z|2018-12-22T23:00:00.000Z|2|1|1|2|2|22|2|0|Madrid|3 h. 48 min.|7h 28m|3 h. 40 min.|Renfe|de 00:00 a 7:59|de 08:00 a 14:59|Renfe|10:05|12:10|06:17|08:30|Jerez|Tren|5bfc56a9f44f319b3ffed814
210.0|2018-11-26T23:00:00.000Z|2018-12-21T09:05:00.000Z|2018-12-23T18:36:00.000Z|2018-12-21T05:17:00.000Z|2018-12-23T15:10:00.000Z|2018-12-20T23:00:00.000Z|2018-12-22T23:00:00.000Z|2018-12-20T23:00:00.000Z|2018-12-22T23:00:00.000Z|2|1|1|3|2|22|2|0|Madrid|3 h. 48 min.|7h 14m|3 h. 26 min.|Renfe|de 00:00 a 7:59|de 15:00 a 19:59|Renfe|10:05|19:36|06:17|16:10|Jerez|Tren|5bfc56a9f44f319b3ffed815
207.3|2018-11-26T23:00:00.000Z|2018-12-21T22:52:00.000Z|2018-12-23T11:10:00.000Z|2018-12-21T18:14:00.000Z|2018-12-23T07:30:00.000Z|2018-12-20T23:00:00.000Z|2018-12-22T23:00:00.000Z|2018-12-20T23:00:00.000Z|2018-12-22T23:00:00.000Z|2|1|3|2|2|22|2|0|Madrid|4 h. 38 min.|8h 18m|3 h. 40 min.|Renfe|de 15:00 a 19:59|de 08:00 a 14:59|Renfe|23:52|12:10|19:14|08:30|Jerez|Tren|5bfc56a9f44f319b3ffed818
207.3|2018-11-26T23:00:00.000Z|2018-12-21T22:52:00.000Z|2018-12-23T18:36:00.000Z|2018-12-21T18:14:00.000Z|2018-12-23T15:10:00.000Z|2018-12-20T23:00:00.000Z|2018-12-22T23:00:00.000Z|2018-12-20T23:00:00.000Z|2018-12-22T23:00:00.000Z|2|1|3|3|2|22|2|0|Madrid|4 h. 38 min.|8h 4m|3 h. 26 min.|Renfe|de 15:00 a 19:59|de 15:00 a 19:59|Renfe|23:52|19:36|19:14|16:10|Jerez|Tren|5bfc56a9f44f319b3ffed819
175.0|2018-11-26T23:00:00.000Z|2018-12-21T14:40:01.000Z|2018-12-23T05:10:19.000Z|2018-12-21T09:00:00.000Z|2018-12-22T23:30:18.000Z|2018-12-20T23:00:00.000Z|2018-12-22T23:00:00.000Z|2018-12-20T23:00:00.000Z|2018-12-22T23:00:00.000Z|2|1|2|1|4|22|5|0|Madrid|5h 40m|11h 20m|5h 40m|Blablacar|de 08:00 a 14:59|de 00:00 a 7:59|Blablacar|15:40|06:10|10:00|00:30|Jerez|Blablacar|5bfcabaef44f319b3f000e17
157.0|2018-11-26T23:00:00.000Z|2018-12-21T20:10:01.000Z|2018-12-23T05:10:19.000Z|2018-12-21T14:30:00.000Z|2018-12-22T23:30:18.000Z|2018-12-20T23:00:00.000Z|2018-12-22T23:00:00.000Z|2018-12-20T23:00:00.000Z|2018-12-22T23:00:00.000Z|2|1|3|1|4|22|5|0|Madrid|5h 40m|11h 20m|5h 40m|Blablacar|de 15:00 a 19:59|de 00:00 a 7:59|Blablacar|21:10|06:10|15:30|00:30|Jerez|Blablacar|5bfcabaef44f319b3f000e18
85.422|2018-11-26T23:00:00.000Z|2018-12-21T10:40:01.000Z|2018-12-23T10:40:01.000Z|2018-12-21T05:00:00.000Z|2018-12-23T05:00:00.000Z|2018-12-20T23:00:00.000Z|2018-12-22T23:00:00.000Z|2018-12-20T23:00:00.000Z|2018-12-22T23:00:00.000Z|2|1|1|1|8|22|3|0|Madrid|5h 40m|11h 20m|5h 40m|Coche propio|de 00:00 a 7:59|de 00:00 a 7:59|Coche Propio|11:40|11:40|06:00|06:00|Jerez|Coche Propio|5bfc8108f44f319b3fffb59e
85.422|2018-11-26T23:00:00.000Z|2018-12-21T10:40:01.000Z|2018-12-23T16:40:01.000Z|2018-12-21T05:00:00.000Z|2018-12-23T11:00:00.000Z|2018-12-20T23:00:00.000Z|2018-12-22T23:00:00.000Z|2018-12-20T23:00:00.000Z|2018-12-22T23:00:00.000Z|2|1|1|2|8|22|3|0|Madrid|5h 40m|11h 20m|5h 40m|Coche propio|de 00:00 a 7:59|de 08:00 a 14:59|Coche Propio|11:40|17:40|06:00|12:00|Jerez|Coche Propio|5bfc8108f44f319b3fffb59f
85.422|2018-11-26T23:00:00.000Z|2018-12-21T10:40:01.000Z|2018-12-23T22:40:01.000Z|2018-12-21T05:00:00.000Z|2018-12-23T17:00:00.000Z|2018-12-20T23:00:00.000Z|2018-12-22T23:00:00.000Z|2018-12-20T23:00:00.000Z|2018-12-22T23:00:00.000Z|2|1|1|3|8|22|3|0|Madrid|5h 40m|11h 20m|5h 40m|Coche propio|de 00:00 a 7:59|de 15:00 a 19:59|Coche Propio|11:40|23:40|06:00|18:00|Jerez|Coche Propio|5bfc8108f44f319b3fffb5a0
85.422|2018-11-26T23:00:00.000Z|2018-12-21T16:40:01.000Z|2018-12-23T10:40:01.000Z|2018-12-21T11:00:00.000Z|2018-12-23T05:00:00.000Z|2018-12-20T23:00:00.000Z|2018-12-22T23:00:00.000Z|2018-12-20T23:00:00.000Z|2018-12-22T23:00:00.000Z|2|1|2|1|8|22|3|0|Madrid|5h 40m|11h 20m|5h 40m|Coche propio|de 08:00 a 14:59|de 00:00 a 7:59|Coche Propio|17:40|11:40|12:00|06:00|Jerez|Coche Propio|5bfc8108f44f319b3fffb5a2
85.422|2018-11-26T23:00:00.000Z|2018-12-21T16:40:01.000Z|2018-12-23T16:40:01.000Z|2018-12-21T11:00:00.000Z|2018-12-23T11:00:00.000Z|2018-12-20T23:00:00.000Z|2018-12-22T23:00:00.000Z|2018-12-20T23:00:00.000Z|2018-12-22T23:00:00.000Z|2|1|2|2|8|22|3|0|Madrid|5h 40m|11h 20m|5h 40m|Coche propio|de 08:00 a 14:59|de 08:00 a 14:59|Coche Propio|17:40|17:40|12:00|12:00|Jerez|Coche Propio|5bfc8108f44f319b3fffb5a3
85.422|2018-11-26T23:00:00.000Z|2018-12-21T16:40:01.000Z|2018-12-23T22:40:01.000Z|2018-12-21T11:00:00.000Z|2018-12-23T17:00:00.000Z|2018-12-20T23:00:00.000Z|2018-12-22T23:00:00.000Z|2018-12-20T23:00:00.000Z|2018-12-22T23:00:00.000Z|2|1|2|3|8|22|3|0|Madrid|5h 40m|11h 20m|5h 40m|Coche propio|de 08:00 a 14:59|de 15:00 a 19:59|Coche Propio|17:40|23:40|12:00|18:00|Jerez|Coche Propio|5bfc8108f44f319b3fffb5a4
85.422|2018-11-26T23:00:00.000Z|2018-12-21T22:40:01.000Z|2018-12-23T10:40:01.000Z|2018-12-21T17:00:00.000Z|2018-12-23T05:00:00.000Z|2018-12-20T23:00:00.000Z|2018-12-22T23:00:00.000Z|2018-12-20T23:00:00.000Z|2018-12-22T23:00:00.000Z|2|1|3|1|8|22|3|0|Madrid|5h 40m|11h 20m|5h 40m|Coche propio|de 15:00 a 19:59|de 00:00 a 7:59|Coche Propio|23:40|11:40|18:00|06:00|Jerez|Coche Propio|5bfc8108f44f319b3fffb5a6
85.422|2018-11-26T23:00:00.000Z|2018-12-21T22:40:01.000Z|2018-12-23T16:40:01.000Z|2018-12-21T17:00:00.000Z|2018-12-23T11:00:00.000Z|2018-12-20T23:00:00.000Z|2018-12-22T23:00:00.000Z|2018-12-20T23:00:00.000Z|2018-12-22T23:00:00.000Z|2|1|3|2|8|22|3|0|Madrid|5h 40m|11h 20m|5h 40m|Coche propio|de 15:00 a 19:59|de 08:00 a 14:59|Coche Propio|23:40|17:40|18:00|12:00|Jerez|Coche Propio|5bfc8108f44f319b3fffb5a7
85.422|2018-11-26T23:00:00.000Z|2018-12-21T22:40:01.000Z|2018-12-23T22:40:01.000Z|2018-12-21T17:00:00.000Z|2018-12-23T17:00:00.000Z|2018-12-20T23:00:00.000Z|2018-12-22T23:00:00.000Z|2018-12-20T23:00:00.000Z|2018-12-22T23:00:00.000Z|2|1|3|3|8|22|3|0|Madrid|5h 40m|11h 20m|5h 40m|Coche propio|de 15:00 a 19:59|de 15:00 a 19:59|Coche Propio|23:40|23:40|18:00|18:00|Jerez|Coche Propio|5bfc8108f44f319b3fffb5a8
85.422|2018-11-26T23:00:00.000Z|2018-12-22T01:40:01.000Z|2018-12-23T10:40:01.000Z|2018-12-21T20:00:00.000Z|2018-12-23T05:00:00.000Z|2018-12-21T23:00:00.000Z|2018-12-22T23:00:00.000Z|2018-12-20T23:00:00.000Z|2018-12-22T23:00:00.000Z|2|1|4|1|8|22|3|0|Madrid|5h 40m|11h 20m|5h 40m|Coche propio|de 20:00 a 23:59|de 00:00 a 7:59|Coche Propio|02:40|11:40|21:00|06:00|Jerez|Coche Propio|5bfc8108f44f319b3fffb5aa
85.422|2018-11-26T23:00:00.000Z|2018-12-22T01:40:01.000Z|2018-12-23T16:40:01.000Z|2018-12-21T20:00:00.000Z|2018-12-23T11:00:00.000Z|2018-12-21T23:00:00.000Z|2018-12-22T23:00:00.000Z|2018-12-20T23:00:00.000Z|2018-12-22T23:00:00.000Z|2|1|4|2|8|22|3|0|Madrid|5h 40m|11h 20m|5h 40m|Coche propio|de 20:00 a 23:59|de 08:00 a 14:59|Coche Propio|02:40|17:40|21:00|12:00|Jerez|Coche Propio|5bfc8108f44f319b3fffb5ab
85.422|2018-11-26T23:00:00.000Z|2018-12-22T01:40:01.000Z|2018-12-23T22:40:01.000Z|2018-12-21T20:00:00.000Z|2018-12-23T17:00:00.000Z|2018-12-21T23:00:00.000Z|2018-12-22T23:00:00.000Z|2018-12-20T23:00:00.000Z|2018-12-22T23:00:00.000Z|2|1|4|3|8|22|3|0|Madrid|5h 40m|11h 20m|5h 40m|Coche propio|de 20:00 a 23:59|de 15:00 a 19:59|Coche Propio|02:40|23:40|21:00|18:00|Jerez|Coche Propio|5bfc8108f44f319b3fffb5ac
125.0|2018-11-26T23:00:00.000Z|2018-12-14T12:10:01.000Z|2018-12-17T01:40:01.000Z|2018-12-14T06:30:00.000Z|2018-12-16T20:00:00.000Z|2018-12-13T23:00:00.000Z|2018-12-16T23:00:00.000Z|2018-12-13T23:00:00.000Z|2018-12-15T23:00:00.000Z|2|1|1|4|4|22|5|0|Madrid|5h 40m|11h 20m|5h 40m|Blablacar|de 00:00 a 7:59|de 20:00 a 23:59|Blablacar|13:10|02:40|07:30|21:00|Jerez|Blablacar|5bfcabaef44f319b3f000e14
118.0|2018-11-26T23:00:00.000Z|2018-12-14T13:40:01.000Z|2018-12-17T01:40:01.000Z|2018-12-14T08:00:00.000Z|2018-12-16T20:00:00.000Z|2018-12-13T23:00:00.000Z|2018-12-16T23:00:00.000Z|2018-12-13T23:00:00.000Z|2018-12-15T23:00:00.000Z|2|1|2|4|4|22|5|0|Madrid|5h 40m|11h 20m|5h 40m|Blablacar|de 08:00 a 14:59|de 20:00 a 23:59|Blablacar|14:40|02:40|09:00|21:00|Jerez|Blablacar|5bfcabaef44f319b3f000e15
116.0|2018-11-26T23:00:00.000Z|2018-12-14T22:40:01.000Z|2018-12-17T01:40:01.000Z|2018-12-14T17:00:00.000Z|2018-12-16T20:00:00.000Z|2018-12-13T23:00:00.000Z|2018-12-16T23:00:00.000Z|2018-12-13T23:00:00.000Z|2018-12-15T23:00:00.000Z|2|1|3|4|4|22|5|0|Madrid|5h 40m|11h 20m|5h 40m|Blablacar|de 15:00 a 19:59|de 20:00 a 23:59|Blablacar|23:40|02:40|18:00|21:00|Jerez|Blablacar|5bfcabaef44f319b3f000e16
85.422|2018-11-26T23:00:00.000Z|2018-12-14T10:40:01.000Z|2018-12-17T01:40:01.000Z|2018-12-14T05:00:00.000Z|2018-12-16T20:00:00.000Z|2018-12-13T23:00:00.000Z|2018-12-16T23:00:00.000Z|2018-12-13T23:00:00.000Z|2018-12-15T23:00:00.000Z|2|1|1|4|8|22|3|0|Madrid|5h 40m|11h 20m|5h 40m|Coche propio|de 00:00 a 7:59|de 20:00 a 23:59|Coche Propio|11:40|02:40|06:00|21:00|Jerez|Coche Propio|5bfc8104f44f319b3fff877f
85.422|2018-11-26T23:00:00.000Z|2018-12-14T16:40:01.000Z|2018-12-17T01:40:01.000Z|2018-12-14T11:00:00.000Z|2018-12-16T20:00:00.000Z|2018-12-13T23:00:00.000Z|2018-12-16T23:00:00.000Z|2018-12-13T23:00:00.000Z|2018-12-15T23:00:00.000Z|2|1|2|4|8|22|3|0|Madrid|5h 40m|11h 20m|5h 40m|Coche propio|de 08:00 a 14:59|de 20:00 a 23:59|Coche Propio|17:40|02:40|12:00|21:00|Jerez|Coche Propio|5bfc8104f44f319b3fff8783
85.422|2018-11-26T23:00:00.000Z|2018-12-14T22:40:01.000Z|2018-12-17T01:40:01.000Z|2018-12-14T17:00:00.000Z|2018-12-16T20:00:00.000Z|2018-12-13T23:00:00.000Z|2018-12-16T23:00:00.000Z|2018-12-13T23:00:00.000Z|2018-12-15T23:00:00.000Z|2|1|3|4|8|22|3|0|Madrid|5h 40m|11h 20m|5h 40m|Coche propio|de 15:00 a 19:59|de 20:00 a 23:59|Coche Propio|23:40|02:40|18:00|21:00|Jerez|Coche Propio|5bfc8104f44f319b3fff8787
85.422|2018-11-26T23:00:00.000Z|2018-12-15T01:40:01.000Z|2018-12-17T01:40:01.000Z|2018-12-14T20:00:00.000Z|2018-12-16T20:00:00.000Z|2018-12-14T23:00:00.000Z|2018-12-16T23:00:00.000Z|2018-12-13T23:00:00.000Z|2018-12-15T23:00:00.000Z|2|1|4|4|8|22|3|0|Madrid|5h 40m|11h 20m|5h 40m|Coche propio|de 20:00 a 23:59|de 20:00 a 23:59|Coche Propio|02:40|02:40|21:00|21:00|Jerez|Coche Propio|5bfc8104f44f319b3fff878b
808.0|2018-11-26T23:00:00.000Z|2018-12-14T17:55:00.000Z|2018-12-16T13:10:00.000Z|2018-12-14T16:40:00.000Z|2018-12-16T06:00:00.000Z|2018-12-13T23:00:00.000Z|2018-12-15T23:00:00.000Z|2018-12-13T23:00:00.000Z|2018-12-15T23:00:00.000Z|2|1|3|1|1|22|1|0|Madrid|1h 15m|8h 25m|7h 10m|Iberia,Vueling Airlines|de 15:00 a 19:59|de 00:00 a 7:59|Skyscanner|18:55|14:10|17:40|07:00|Jerez|Avión|5bfd1c90f44f319b3f00d091
716.0|2018-11-26T23:00:00.000Z|2018-12-14T17:55:00.000Z|2018-12-16T16:00:00.000Z|2018-12-14T16:40:00.000Z|2018-12-16T14:45:00.000Z|2018-12-13T23:00:00.000Z|2018-12-15T23:00:00.000Z|2018-12-13T23:00:00.000Z|2018-12-15T23:00:00.000Z|2|1|3|3|1|22|1|0|Madrid|1h 15m|2h 30m|1h 15m|Iberia,Iberia|de 15:00 a 19:59|de 15:00 a 19:59|Skyscanner|18:55|17:00|17:40|15:45|Jerez|Avión|5bfd1c90f44f319b3f00d087
663.0|2018-11-26T23:00:00.000Z|2018-12-14T17:55:00.000Z|2018-12-16T21:40:00.000Z|2018-12-14T16:40:00.000Z|2018-12-16T20:25:00.000Z|2018-12-13T23:00:00.000Z|2018-12-15T23:00:00.000Z|2018-12-13T23:00:00.000Z|2018-12-15T23:00:00.000Z|2|1|3|4|1|22|1|0|Madrid|1h 15m|2h 30m|1h 15m|Iberia,Iberia|de 15:00 a 19:59|de 20:00 a 23:59|Skyscanner|18:55|22:40|17:40|21:25|Jerez|Avión|5bfd1c90f44f319b3f00d08d
619.0|2018-11-26T23:00:00.000Z|2018-12-14T17:55:00.000Z|2018-12-16T11:45:00.000Z|2018-12-14T16:40:00.000Z|2018-12-16T10:30:00.000Z|2018-12-13T23:00:00.000Z|2018-12-15T23:00:00.000Z|2018-12-13T23:00:00.000Z|2018-12-15T23:00:00.000Z|2|1|3|2|1|22|1|0|Madrid|1h 15m|2h 30m|1h 15m|Iberia,Iberia|de 15:00 a 19:59|de 08:00 a 14:59|Skyscanner|18:55|12:45|17:40|11:30|Jerez|Avión|5bfd1c90f44f319b3f00d08c
548.0|2018-11-26T23:00:00.000Z|2018-12-15T07:20:00.000Z|2018-12-16T13:10:00.000Z|2018-12-14T13:50:00.000Z|2018-12-16T06:00:00.000Z|2018-12-14T23:00:00.000Z|2018-12-15T23:00:00.000Z|2018-12-13T23:00:00.000Z|2018-12-15T23:00:00.000Z|2|1|2|1|1|22|1|0|Madrid|17h 30m|24h 40m|7h 10m|Vueling Airlines,Vueling Airlines|de 08:00 a 14:59|de 00:00 a 7:59|Skyscanner|08:20|14:10|14:50|07:00|Jerez|Avión|5bfd1c90f44f319b3f00d08a
504.0|2018-11-26T23:00:00.000Z|2018-12-14T07:00:00.000Z|2018-12-16T13:10:00.000Z|2018-12-14T05:45:00.000Z|2018-12-16T06:00:00.000Z|2018-12-13T23:00:00.000Z|2018-12-15T23:00:00.000Z|2018-12-13T23:00:00.000Z|2018-12-15T23:00:00.000Z|2|1|1|1|1|22|1|0|Madrid|1h 15m|8h 25m|7h 10m|Iberia,Vueling Airlines|de 00:00 a 7:59|de 00:00 a 7:59|Skyscanner|08:00|14:10|06:45|07:00|Jerez|Avión|5bfd1c90f44f319b3f00d088
497.0|2018-11-26T23:00:00.000Z|2018-12-14T10:55:00.000Z|2018-12-16T16:00:00.000Z|2018-12-14T09:45:00.000Z|2018-12-16T14:45:00.000Z|2018-12-13T23:00:00.000Z|2018-12-15T23:00:00.000Z|2018-12-13T23:00:00.000Z|2018-12-15T23:00:00.000Z|2|1|2|3|1|22|1|0|Madrid|1h 10m|2h 25m|1h 15m|Air Nostrum,Iberia|de 08:00 a 14:59|de 15:00 a 19:59|Skyscanner|11:55|17:00|10:45|15:45|Jerez|Avión|5bfd1c90f44f319b3f00d089
445.0|2018-11-26T23:00:00.000Z|2018-12-14T10:55:00.000Z|2018-12-16T21:40:00.000Z|2018-12-14T09:45:00.000Z|2018-12-16T20:25:00.000Z|2018-12-13T23:00:00.000Z|2018-12-15T23:00:00.000Z|2018-12-13T23:00:00.000Z|2018-12-15T23:00:00.000Z|2|1|2|4|1|22|1|0|Madrid|1h 10m|2h 25m|1h 15m|Air Nostrum,Iberia|de 08:00 a 14:59|de 20:00 a 23:59|Skyscanner|11:55|22:40|10:45|21:25|Jerez|Avión|5bfd1c90f44f319b3f00d086
413.0|2018-11-26T23:00:00.000Z|2018-12-14T07:00:00.000Z|2018-12-16T16:00:00.000Z|2018-12-14T05:45:00.000Z|2018-12-16T14:45:00.000Z|2018-12-13T23:00:00.000Z|2018-12-15T23:00:00.000Z|2018-12-13T23:00:00.000Z|2018-12-15T23:00:00.000Z|2|1|1|3|1|22|1|0|Madrid|1h 15m|2h 30m|1h 15m|Iberia,Iberia|de 00:00 a 7:59|de 15:00 a 19:59|Skyscanner|08:00|17:00|06:45|15:45|Jerez|Avión|5bfd1c90f44f319b3f00d08e
399.0|2018-11-26T23:00:00.000Z|2018-12-14T10:55:00.000Z|2018-12-16T11:45:00.000Z|2018-12-14T09:45:00.000Z|2018-12-16T10:30:00.000Z|2018-12-13T23:00:00.000Z|2018-12-15T23:00:00.000Z|2018-12-13T23:00:00.000Z|2018-12-15T23:00:00.000Z|2|1|2|2|1|22|1|0|Madrid|1h 10m|2h 25m|1h 15m|Air Nostrum,Iberia|de 08:00 a 14:59|de 08:00 a 14:59|Skyscanner|11:55|12:45|10:45|11:30|Jerez|Avión|5bfd1c90f44f319b3f00d08b
360.0|2018-11-26T23:00:00.000Z|2018-12-14T07:00:00.000Z|2018-12-16T21:40:00.000Z|2018-12-14T05:45:00.000Z|2018-12-16T20:25:00.000Z|2018-12-13T23:00:00.000Z|2018-12-15T23:00:00.000Z|2018-12-13T23:00:00.000Z|2018-12-15T23:00:00.000Z|2|1|1|4|1|22|1|0|Madrid|1h 15m|2h 30m|1h 15m|Iberia,Iberia|de 00:00 a 7:59|de 20:00 a 23:59|Skyscanner|08:00|22:40|06:45|21:25|Jerez|Avión|5bfd1c90f44f319b3f00d08f
316.0|2018-11-26T23:00:00.000Z|2018-12-14T07:00:00.000Z|2018-12-16T11:45:00.000Z|2018-12-14T05:45:00.000Z|2018-12-16T10:30:00.000Z|2018-12-13T23:00:00.000Z|2018-12-15T23:00:00.000Z|2018-12-13T23:00:00.000Z|2018-12-15T23:00:00.000Z|2|1|1|2|1|22|1|0|Madrid|1h 15m|2h 30m|1h 15m|Iberia,Iberia|de 00:00 a 7:59|de 08:00 a 14:59|Skyscanner|08:00|12:45|06:45|11:30|Jerez|Avión|5bfd1c90f44f319b3f00d090
241.9|2018-11-26T23:00:00.000Z|2018-12-14T09:05:00.000Z|2018-12-16T18:36:00.000Z|2018-12-14T05:17:00.000Z|2018-12-16T15:10:00.000Z|2018-12-13T23:00:00.000Z|2018-12-15T23:00:00.000Z|2018-12-13T23:00:00.000Z|2018-12-15T23:00:00.000Z|2|1|1|3|2|22|2|0|Madrid|3 h. 48 min.|7h 14m|3 h. 26 min.|Renfe|de 00:00 a 7:59|de 15:00 a 19:59|Renfe|10:05|19:36|06:17|16:10|Jerez|Tren|5bfc56a9f44f319b3ffed80f
213.3|2018-11-26T23:00:00.000Z|2018-12-14T09:05:00.000Z|2018-12-16T11:10:00.000Z|2018-12-14T05:17:00.000Z|2018-12-16T07:30:00.000Z|2018-12-13T23:00:00.000Z|2018-12-15T23:00:00.000Z|2018-12-13T23:00:00.000Z|2018-12-15T23:00:00.000Z|2|1|1|2|2|22|2|0|Madrid|3 h. 48 min.|7h 28m|3 h. 40 min.|Renfe|de 00:00 a 7:59|de 08:00 a 14:59|Renfe|10:05|12:10|06:17|08:30|Jerez|Tren|5bfc56a9f44f319b3ffed80e
186.4|2018-11-26T23:00:00.000Z|2018-12-14T11:36:00.000Z|2018-12-16T18:36:00.000Z|2018-12-14T07:50:00.000Z|2018-12-16T15:10:00.000Z|2018-12-13T23:00:00.000Z|2018-12-15T23:00:00.000Z|2018-12-13T23:00:00.000Z|2018-12-15T23:00:00.000Z|2|1|2|3|2|22|2|0|Madrid|3 h. 46 min.|7h 12m|3 h. 26 min.|Renfe|de 08:00 a 14:59|de 15:00 a 19:59|Renfe|12:36|19:36|08:50|16:10|Jerez|Tren|5bfc56a9f44f319b3ffed811
186.4|2018-11-26T23:00:00.000Z|2018-12-14T22:14:00.000Z|2018-12-16T18:36:00.000Z|2018-12-14T18:31:00.000Z|2018-12-16T15:10:00.000Z|2018-12-13T23:00:00.000Z|2018-12-15T23:00:00.000Z|2018-12-13T23:00:00.000Z|2018-12-15T23:00:00.000Z|2|1|3|3|2|22|2|0|Madrid|3 h. 43 min.|7h 9m|3 h. 26 min.|Renfe|de 15:00 a 19:59|de 15:00 a 19:59|Renfe|23:14|19:36|19:31|16:10|Jerez|Tren|5bfc56a9f44f319b3ffed813
157.8|2018-11-26T23:00:00.000Z|2018-12-14T11:36:00.000Z|2018-12-16T11:10:00.000Z|2018-12-14T07:50:00.000Z|2018-12-16T07:30:00.000Z|2018-12-13T23:00:00.000Z|2018-12-15T23:00:00.000Z|2018-12-13T23:00:00.000Z|2018-12-15T23:00:00.000Z|2|1|2|2|2|22|2|0|Madrid|3 h. 46 min.|7h 26m|3 h. 40 min.|Renfe|de 08:00 a 14:59|de 08:00 a 14:59|Renfe|12:36|12:10|08:50|08:30|Jerez|Tren|5bfc56a9f44f319b3ffed810
157.8|2018-11-26T23:00:00.000Z|2018-12-14T22:14:00.000Z|2018-12-16T11:10:00.000Z|2018-12-14T18:31:00.000Z|2018-12-16T07:30:00.000Z|2018-12-13T23:00:00.000Z|2018-12-15T23:00:00.000Z|2018-12-13T23:00:00.000Z|2018-12-15T23:00:00.000Z|2|1|3|2|2|22|2|0|Madrid|3 h. 43 min.|7h 23m|3 h. 40 min.|Renfe|de 15:00 a 19:59|de 08:00 a 14:59|Renfe|23:14|12:10|19:31|08:30|Jerez|Tren|5bfc56a9f44f319b3ffed812
114.0|2018-11-26T23:00:00.000Z|2018-12-14T12:10:01.000Z|2018-12-16T17:40:01.000Z|2018-12-14T06:30:00.000Z|2018-12-16T12:00:00.000Z|2018-12-13T23:00:00.000Z|2018-12-15T23:00:00.000Z|2018-12-13T23:00:00.000Z|2018-12-15T23:00:00.000Z|2|1|1|2|4|22|5|0|Madrid|5h 40m|11h 20m|5h 40m|Blablacar|de 00:00 a 7:59|de 08:00 a 14:59|Blablacar|13:10|18:40|07:30|13:00|Jerez|Blablacar|5bfcabaef44f319b3f000e0e
109.0|2018-11-26T23:00:00.000Z|2018-12-14T12:10:01.000Z|2018-12-16T20:40:01.000Z|2018-12-14T06:30:00.000Z|2018-12-16T15:00:00.000Z|2018-12-13T23:00:00.000Z|2018-12-15T23:00:00.000Z|2018-12-13T23:00:00.000Z|2018-12-15T23:00:00.000Z|2|1|1|3|4|22|5|0|Madrid|5h 40m|11h 20m|5h 40m|Blablacar|de 00:00 a 7:59|de 15:00 a 19:59|Blablacar|13:10|21:40|07:30|16:00|Jerez|Blablacar|5bfcabaef44f319b3f000e11
107.0|2018-11-26T23:00:00.000Z|2018-12-14T13:40:01.000Z|2018-12-16T17:40:01.000Z|2018-12-14T08:00:00.000Z|2018-12-16T12:00:00.000Z|2018-12-13T23:00:00.000Z|2018-12-15T23:00:00.000Z|2018-12-13T23:00:00.000Z|2018-12-15T23:00:00.000Z|2|1|2|2|4|22|5|0|Madrid|5h 40m|11h 20m|5h 40m|Blablacar|de 08:00 a 14:59|de 08:00 a 14:59|Blablacar|14:40|18:40|09:00|13:00|Jerez|Blablacar|5bfcabaef44f319b3f000e0f
105.0|2018-11-26T23:00:00.000Z|2018-12-14T22:40:01.000Z|2018-12-16T17:40:01.000Z|2018-12-14T17:00:00.000Z|2018-12-16T12:00:00.000Z|2018-12-13T23:00:00.000Z|2018-12-15T23:00:00.000Z|2018-12-13T23:00:00.000Z|2018-12-15T23:00:00.000Z|2|1|3|2|4|22|5|0|Madrid|5h 40m|11h 20m|5h 40m|Blablacar|de 15:00 a 19:59|de 08:00 a 14:59|Blablacar|23:40|18:40|18:00|13:00|Jerez|Blablacar|5bfcabaef44f319b3f000e10
102.0|2018-11-26T23:00:00.000Z|2018-12-14T13:40:01.000Z|2018-12-16T20:40:01.000Z|2018-12-14T08:00:00.000Z|2018-12-16T15:00:00.000Z|2018-12-13T23:00:00.000Z|2018-12-15T23:00:00.000Z|2018-12-13T23:00:00.000Z|2018-12-15T23:00:00.000Z|2|1|2|3|4|22|5|0|Madrid|5h 40m|11h 20m|5h 40m|Blablacar|de 08:00 a 14:59|de 15:00 a 19:59|Blablacar|14:40|21:40|09:00|16:00|Jerez|Blablacar|5bfcabaef44f319b3f000e12
100.0|2018-11-26T23:00:00.000Z|2018-12-14T22:40:01.000Z|2018-12-16T20:40:01.000Z|2018-12-14T17:00:00.000Z|2018-12-16T15:00:00.000Z|2018-12-13T23:00:00.000Z|2018-12-15T23:00:00.000Z|2018-12-13T23:00:00.000Z|2018-12-15T23:00:00.000Z|2|1|3|3|4|22|5|0|Madrid|5h 40m|11h 20m|5h 40m|Blablacar|de 15:00 a 19:59|de 15:00 a 19:59|Blablacar|23:40|21:40|18:00|16:00|Jerez|Blablacar|5bfcabaef44f319b3f000e13
85.422|2018-11-26T23:00:00.000Z|2018-12-14T10:40:01.000Z|2018-12-16T10:40:01.000Z|2018-12-14T05:00:00.000Z|2018-12-16T05:00:00.000Z|2018-12-13T23:00:00.000Z|2018-12-15T23:00:00.000Z|2018-12-13T23:00:00.000Z|2018-12-15T23:00:00.000Z|2|1|1|1|8|22|3|0|Madrid|5h 40m|11h 20m|5h 40m|Coche propio|de 00:00 a 7:59|de 00:00 a 7:59|Coche Propio|11:40|11:40|06:00|06:00|Jerez|Coche Propio|5bfc8104f44f319b3fff877c
85.422|2018-11-26T23:00:00.000Z|2018-12-14T10:40:01.000Z|2018-12-16T16:40:01.000Z|2018-12-14T05:00:00.000Z|2018-12-16T11:00:00.000Z|2018-12-13T23:00:00.000Z|2018-12-15T23:00:00.000Z|2018-12-13T23:00:00.000Z|2018-12-15T23:00:00.000Z|2|1|1|2|8|22|3|0|Madrid|5h 40m|11h 20m|5h 40m|Coche propio|de 00:00 a 7:59|de 08:00 a 14:59|Coche Propio|11:40|17:40|06:00|12:00|Jerez|Coche Propio|5bfc8104f44f319b3fff877d
85.422|2018-11-26T23:00:00.000Z|2018-12-14T10:40:01.000Z|2018-12-16T22:40:01.000Z|2018-12-14T05:00:00.000Z|2018-12-16T17:00:00.000Z|2018-12-13T23:00:00.000Z|2018-12-15T23:00:00.000Z|2018-12-13T23:00:00.000Z|2018-12-15T23:00:00.000Z|2|1|1|3|8|22|3|0|Madrid|5h 40m|11h 20m|5h 40m|Coche propio|de 00:00 a 7:59|de 15:00 a 19:59|Coche Propio|11:40|23:40|06:00|18:00|Jerez|Coche Propio|5bfc8104f44f319b3fff877e
85.422|2018-11-26T23:00:00.000Z|2018-12-14T16:40:01.000Z|2018-12-16T10:40:01.000Z|2018-12-14T11:00:00.000Z|2018-12-16T05:00:00.000Z|2018-12-13T23:00:00.000Z|2018-12-15T23:00:00.000Z|2018-12-13T23:00:00.000Z|2018-12-15T23:00:00.000Z|2|1|2|1|8|22|3|0|Madrid|5h 40m|11h 20m|5h 40m|Coche propio|de 08:00 a 14:59|de 00:00 a 7:59|Coche Propio|17:40|11:40|12:00|06:00|Jerez|Coche Propio|5bfc8104f44f319b3fff8780
85.422|2018-11-26T23:00:00.000Z|2018-12-14T16:40:01.000Z|2018-12-16T16:40:01.000Z|2018-12-14T11:00:00.000Z|2018-12-16T11:00:00.000Z|2018-12-13T23:00:00.000Z|2018-12-15T23:00:00.000Z|2018-12-13T23:00:00.000Z|2018-12-15T23:00:00.000Z|2|1|2|2|8|22|3|0|Madrid|5h 40m|11h 20m|5h 40m|Coche propio|de 08:00 a 14:59|de 08:00 a 14:59|Coche Propio|17:40|17:40|12:00|12:00|Jerez|Coche Propio|5bfc8104f44f319b3fff8781
85.422|2018-11-26T23:00:00.000Z|2018-12-14T16:40:01.000Z|2018-12-16T22:40:01.000Z|2018-12-14T11:00:00.000Z|2018-12-16T17:00:00.000Z|2018-12-13T23:00:00.000Z|2018-12-15T23:00:00.000Z|2018-12-13T23:00:00.000Z|2018-12-15T23:00:00.000Z|2|1|2|3|8|22|3|0|Madrid|5h 40m|11h 20m|5h 40m|Coche propio|de 08:00 a 14:59|de 15:00 a 19:59|Coche Propio|17:40|23:40|12:00|18:00|Jerez|Coche Propio|5bfc8104f44f319b3fff8782
85.422|2018-11-26T23:00:00.000Z|2018-12-14T22:40:01.000Z|2018-12-16T10:40:01.000Z|2018-12-14T17:00:00.000Z|2018-12-16T05:00:00.000Z|2018-12-13T23:00:00.000Z|2018-12-15T23:00:00.000Z|2018-12-13T23:00:00.000Z|2018-12-15T23:00:00.000Z|2|1|3|1|8|22|3|0|Madrid|5h 40m|11h 20m|5h 40m|Coche propio|de 15:00 a 19:59|de 00:00 a 7:59|Coche Propio|23:40|11:40|18:00|06:00|Jerez|Coche Propio|5bfc8104f44f319b3fff8784
85.422|2018-11-26T23:00:00.000Z|2018-12-14T22:40:01.000Z|2018-12-16T16:40:01.000Z|2018-12-14T17:00:00.000Z|2018-12-16T11:00:00.000Z|2018-12-13T23:00:00.000Z|2018-12-15T23:00:00.000Z|2018-12-13T23:00:00.000Z|2018-12-15T23:00:00.000Z|2|1|3|2|8|22|3|0|Madrid|5h 40m|11h 20m|5h 40m|Coche propio|de 15:00 a 19:59|de 08:00 a 14:59|Coche Propio|23:40|17:40|18:00|12:00|Jerez|Coche Propio|5bfc8104f44f319b3fff8785
85.422|2018-11-26T23:00:00.000Z|2018-12-14T22:40:01.000Z|2018-12-16T22:40:01.000Z|2018-12-14T17:00:00.000Z|2018-12-16T17:00:00.000Z|2018-12-13T23:00:00.000Z|2018-12-15T23:00:00.000Z|2018-12-13T23:00:00.000Z|2018-12-15T23:00:00.000Z|2|1|3|3|8|22|3|0|Madrid|5h 40m|11h 20m|5h 40m|Coche propio|de 15:00 a 19:59|de 15:00 a 19:59|Coche Propio|23:40|23:40|18:00|18:00|Jerez|Coche Propio|5bfc8104f44f319b3fff8786
85.422|2018-11-26T23:00:00.000Z|2018-12-15T01:40:01.000Z|2018-12-16T10:40:01.000Z|2018-12-14T20:00:00.000Z|2018-12-16T05:00:00.000Z|2018-12-14T23:00:00.000Z|2018-12-15T23:00:00.000Z|2018-12-13T23:00:00.000Z|2018-12-15T23:00:00.000Z|2|1|4|1|8|22|3|0|Madrid|5h 40m|11h 20m|5h 40m|Coche propio|de 20:00 a 23:59|de 00:00 a 7:59|Coche Propio|02:40|11:40|21:00|06:00|Jerez|Coche Propio|5bfc8104f44f319b3fff8788
85.422|2018-11-26T23:00:00.000Z|2018-12-15T01:40:01.000Z|2018-12-16T16:40:01.000Z|2018-12-14T20:00:00.000Z|2018-12-16T11:00:00.000Z|2018-12-14T23:00:00.000Z|2018-12-15T23:00:00.000Z|2018-12-13T23:00:00.000Z|2018-12-15T23:00:00.000Z|2|1|4|2|8|22|3|0|Madrid|5h 40m|11h 20m|5h 40m|Coche propio|de 20:00 a 23:59|de 08:00 a 14:59|Coche Propio|02:40|17:40|21:00|12:00|Jerez|Coche Propio|5bfc8104f44f319b3fff8789
85.422|2018-11-26T23:00:00.000Z|2018-12-15T01:40:01.000Z|2018-12-16T22:40:01.000Z|2018-12-14T20:00:00.000Z|2018-12-16T17:00:00.000Z|2018-12-14T23:00:00.000Z|2018-12-15T23:00:00.000Z|2018-12-13T23:00:00.000Z|2018-12-15T23:00:00.000Z|2|1|4|3|8|22|3|0|Madrid|5h 40m|11h 20m|5h 40m|Coche propio|de 20:00 a 23:59|de 15:00 a 19:59|Coche Propio|02:40|23:40|21:00|18:00|Jerez|Coche Propio|5bfc8104f44f319b3fff878a
602.0|2018-11-26T23:00:00.000Z|2018-12-07T13:40:00.000Z|2018-12-10T13:10:00.000Z|2018-12-07T12:25:00.000Z|2018-12-09T14:00:00.000Z|2018-12-06T23:00:00.000Z|2018-12-09T23:00:00.000Z|2018-12-06T23:00:00.000Z|2018-12-08T23:00:00.000Z|2|1|2|3|1|22|1|0|Madrid|1h 15m|24h 25m|23h 10m|Iberia,Vueling Airlines|de 08:00 a 14:59|de 15:00 a 19:59|Skyscanner|14:40|14:10|13:25|15:00|Jerez|Avión|5bfd1c90f44f319b3f00d07a
602.0|2018-11-26T23:00:00.000Z|2018-12-07T07:00:00.000Z|2018-12-10T13:10:00.000Z|2018-12-07T05:45:00.000Z|2018-12-09T14:00:00.000Z|2018-12-06T23:00:00.000Z|2018-12-09T23:00:00.000Z|2018-12-06T23:00:00.000Z|2018-12-08T23:00:00.000Z|2|1|1|3|1|22|1|0|Madrid|1h 15m|24h 25m|23h 10m|Iberia,Vueling Airlines|de 00:00 a 7:59|de 15:00 a 19:59|Skyscanner|08:00|14:10|06:45|15:00|Jerez|Avión|5bfd1c90f44f319b3f00d081
559.0|2018-11-26T23:00:00.000Z|2018-12-07T17:55:00.000Z|2018-12-10T13:10:00.000Z|2018-12-07T16:40:00.000Z|2018-12-09T14:00:00.000Z|2018-12-06T23:00:00.000Z|2018-12-09T23:00:00.000Z|2018-12-06T23:00:00.000Z|2018-12-08T23:00:00.000Z|2|1|3|3|1|22|1|0|Madrid|1h 15m|24h 25m|23h 10m|Iberia,Vueling Airlines|de 15:00 a 19:59|de 15:00 a 19:59|Skyscanner|18:55|14:10|17:40|15:00|Jerez|Avión|5bfd1c90f44f319b3f00d084
85.422|2018-11-26T23:00:00.000Z|2018-12-07T10:40:01.000Z|2018-12-10T01:40:01.000Z|2018-12-07T05:00:00.000Z|2018-12-09T20:00:00.000Z|2018-12-06T23:00:00.000Z|2018-12-09T23:00:00.000Z|2018-12-06T23:00:00.000Z|2018-12-08T23:00:00.000Z|2|1|1|4|8|22|3|0|Madrid|5h 40m|11h 20m|5h 40m|Coche propio|de 00:00 a 7:59|de 20:00 a 23:59|Coche Propio|11:40|02:40|06:00|21:00|Jerez|Coche Propio|5bfc80fff44f319b3fff5961
85.422|2018-11-26T23:00:00.000Z|2018-12-07T16:40:01.000Z|2018-12-10T01:40:01.000Z|2018-12-07T11:00:00.000Z|2018-12-09T20:00:00.000Z|2018-12-06T23:00:00.000Z|2018-12-09T23:00:00.000Z|2018-12-06T23:00:00.000Z|2018-12-08T23:00:00.000Z|2|1|2|4|8|22|3|0|Madrid|5h 40m|11h 20m|5h 40m|Coche propio|de 08:00 a 14:59|de 20:00 a 23:59|Coche Propio|17:40|02:40|12:00|21:00|Jerez|Coche Propio|5bfc80fff44f319b3fff5965
85.422|2018-11-26T23:00:00.000Z|2018-12-07T22:40:01.000Z|2018-12-10T01:40:01.000Z|2018-12-07T17:00:00.000Z|2018-12-09T20:00:00.000Z|2018-12-06T23:00:00.000Z|2018-12-09T23:00:00.000Z|2018-12-06T23:00:00.000Z|2018-12-08T23:00:00.000Z|2|1|3|4|8|22|3|0|Madrid|5h 40m|11h 20m|5h 40m|Coche propio|de 15:00 a 19:59|de 20:00 a 23:59|Coche Propio|23:40|02:40|18:00|21:00|Jerez|Coche Propio|5bfc80fff44f319b3fff5969
85.422|2018-11-26T23:00:00.000Z|2018-12-08T01:40:01.000Z|2018-12-10T01:40:01.000Z|2018-12-07T20:00:00.000Z|2018-12-09T20:00:00.000Z|2018-12-07T23:00:00.000Z|2018-12-09T23:00:00.000Z|2018-12-06T23:00:00.000Z|2018-12-08T23:00:00.000Z|2|1|4|4|8|22|3|0|Madrid|5h 40m|11h 20m|5h 40m|Coche propio|de 20:00 a 23:59|de 20:00 a 23:59|Coche Propio|02:40|02:40|21:00|21:00|Jerez|Coche Propio|5bfc80fff44f319b3fff596d
632.0|2018-11-26T23:00:00.000Z|2018-12-07T07:00:00.000Z|2018-12-09T13:10:00.000Z|2018-12-07T05:45:00.000Z|2018-12-09T06:00:00.000Z|2018-12-06T23:00:00.000Z|2018-12-08T23:00:00.000Z|2018-12-06T23:00:00.000Z|2018-12-08T23:00:00.000Z|2|1|1|1|1|22|1|0|Madrid|1h 15m|8h 25m|7h 10m|Iberia,Vueling Airlines|de 00:00 a 7:59|de 00:00 a 7:59|Skyscanner|08:00|14:10|06:45|07:00|Jerez|Avión|5bfd1c90f44f319b3f00d07b
632.0|2018-11-26T23:00:00.000Z|2018-12-07T13:40:00.000Z|2018-12-09T13:10:00.000Z|2018-12-07T12:25:00.000Z|2018-12-09T06:00:00.000Z|2018-12-06T23:00:00.000Z|2018-12-08T23:00:00.000Z|2018-12-06T23:00:00.000Z|2018-12-08T23:00:00.000Z|2|1|2|1|1|22|1|0|Madrid|1h 15m|8h 25m|7h 10m|Iberia,Vueling Airlines|de 08:00 a 14:59|de 00:00 a 7:59|Skyscanner|14:40|14:10|13:25|07:00|Jerez|Avión|5bfd1c90f44f319b3f00d07e
562.0|2018-11-26T23:00:00.000Z|2018-12-07T17:55:00.000Z|2018-12-09T13:10:00.000Z|2018-12-07T16:40:00.000Z|2018-12-09T06:00:00.000Z|2018-12-06T23:00:00.000Z|2018-12-08T23:00:00.000Z|2018-12-06T23:00:00.000Z|2018-12-08T23:00:00.000Z|2|1|3|1|1|22|1|0|Madrid|1h 15m|8h 25m|7h 10m|Iberia,Vueling Airlines|de 15:00 a 19:59|de 00:00 a 7:59|Skyscanner|18:55|14:10|17:40|07:00|Jerez|Avión|5bfd1c90f44f319b3f00d085
424.0|2018-11-26T23:00:00.000Z|2018-12-07T13:40:00.000Z|2018-12-09T11:45:00.000Z|2018-12-07T12:25:00.000Z|2018-12-09T10:30:00.000Z|2018-12-06T23:00:00.000Z|2018-12-08T23:00:00.000Z|2018-12-06T23:00:00.000Z|2018-12-08T23:00:00.000Z|2|1|2|2|1|22|1|0|Madrid|1h 15m|2h 30m|1h 15m|Iberia,Iberia|de 08:00 a 14:59|de 08:00 a 14:59|Skyscanner|14:40|12:45|13:25|11:30|Jerez|Avión|5bfd1c90f44f319b3f00d07f
424.0|2018-11-26T23:00:00.000Z|2018-12-07T07:00:00.000Z|2018-12-09T11:45:00.000Z|2018-12-07T05:45:00.000Z|2018-12-09T10:30:00.000Z|2018-12-06T23:00:00.000Z|2018-12-08T23:00:00.000Z|2018-12-06T23:00:00.000Z|2018-12-08T23:00:00.000Z|2|1|1|2|1|22|1|0|Madrid|1h 15m|2h 30m|1h 15m|Iberia,Iberia|de 00:00 a 7:59|de 08:00 a 14:59|Skyscanner|08:00|12:45|06:45|11:30|Jerez|Avión|5bfd1c90f44f319b3f00d080
369.0|2018-11-26T23:00:00.000Z|2018-12-07T17:55:00.000Z|2018-12-09T11:45:00.000Z|2018-12-07T16:40:00.000Z|2018-12-09T10:30:00.000Z|2018-12-06T23:00:00.000Z|2018-12-08T23:00:00.000Z|2018-12-06T23:00:00.000Z|2018-12-08T23:00:00.000Z|2|1|3|2|1|22|1|0|Madrid|1h 15m|2h 30m|1h 15m|Iberia,Iberia|de 15:00 a 19:59|de 08:00 a 14:59|Skyscanner|18:55|12:45|17:40|11:30|Jerez|Avión|5bfd1c90f44f319b3f00d07c
318.0|2018-11-26T23:00:00.000Z|2018-12-07T13:40:00.000Z|2018-12-09T21:40:00.000Z|2018-12-07T12:25:00.000Z|2018-12-09T20:25:00.000Z|2018-12-06T23:00:00.000Z|2018-12-08T23:00:00.000Z|2018-12-06T23:00:00.000Z|2018-12-08T23:00:00.000Z|2|1|2|4|1|22|1|0|Madrid|1h 15m|2h 30m|1h 15m|Iberia,Iberia|de 08:00 a 14:59|de 20:00 a 23:59|Skyscanner|14:40|22:40|13:25|21:25|Jerez|Avión|5bfd1c90f44f319b3f00d07d
318.0|2018-11-26T23:00:00.000Z|2018-12-07T07:00:00.000Z|2018-12-09T21:40:00.000Z|2018-12-07T05:45:00.000Z|2018-12-09T20:25:00.000Z|2018-12-06T23:00:00.000Z|2018-12-08T23:00:00.000Z|2018-12-06T23:00:00.000Z|2018-12-08T23:00:00.000Z|2|1|1|4|1|22|1|0|Madrid|1h 15m|2h 30m|1h 15m|Iberia,Iberia|de 00:00 a 7:59|de 20:00 a 23:59|Skyscanner|08:00|22:40|06:45|21:25|Jerez|Avión|5bfd1c90f44f319b3f00d082
273.0|2018-11-26T23:00:00.000Z|2018-12-07T17:55:00.000Z|2018-12-09T21:40:00.000Z|2018-12-07T16:40:00.000Z|2018-12-09T20:25:00.000Z|2018-12-06T23:00:00.000Z|2018-12-08T23:00:00.000Z|2018-12-06T23:00:00.000Z|2018-12-08T23:00:00.000Z|2|1|3|4|1|22|1|0|Madrid|1h 15m|2h 30m|1h 15m|Iberia,Iberia|de 15:00 a 19:59|de 20:00 a 23:59|Skyscanner|18:55|22:40|17:40|21:25|Jerez|Avión|5bfd1c90f44f319b3f00d083
232.0|2018-11-26T23:00:00.000Z|2018-12-07T09:06:00.000Z|2018-12-09T11:10:00.000Z|2018-12-07T05:17:00.000Z|2018-12-09T07:30:00.000Z|2018-12-06T23:00:00.000Z|2018-12-08T23:00:00.000Z|2018-12-06T23:00:00.000Z|2018-12-08T23:00:00.000Z|2|1|1|2|2|22|2|0|Madrid|3 h. 49 min.|7h 29m|3 h. 40 min.|Renfe|de 00:00 a 7:59|de 08:00 a 14:59|Renfe|10:06|12:10|06:17|08:30|Jerez|Tren|5bfc56a9f44f319b3ffed808
232.0|2018-11-26T23:00:00.000Z|2018-12-07T09:06:00.000Z|2018-12-09T21:07:00.000Z|2018-12-07T05:17:00.000Z|2018-12-09T17:35:00.000Z|2018-12-06T23:00:00.000Z|2018-12-08T23:00:00.000Z|2018-12-06T23:00:00.000Z|2018-12-08T23:00:00.000Z|2|1|1|3|2|22|2|0|Madrid|3 h. 49 min.|7h 21m|3 h. 32 min.|Renfe|de 00:00 a 7:59|de 15:00 a 19:59|Renfe|10:06|22:07|06:17|18:35|Jerez|Tren|5bfc56a9f44f319b3ffed809
228.8|2018-11-26T23:00:00.000Z|2018-12-07T11:36:00.000Z|2018-12-09T11:10:00.000Z|2018-12-07T07:50:00.000Z|2018-12-09T07:30:00.000Z|2018-12-06T23:00:00.000Z|2018-12-08T23:00:00.000Z|2018-12-06T23:00:00.000Z|2018-12-08T23:00:00.000Z|2|1|2|2|2|22|2|0|Madrid|3 h. 46 min.|7h 26m|3 h. 40 min.|Renfe|de 08:00 a 14:59|de 08:00 a 14:59|Renfe|12:36|12:10|08:50|08:30|Jerez|Tren|5bfc56a9f44f319b3ffed80a
228.8|2018-11-26T23:00:00.000Z|2018-12-07T11:36:00.000Z|2018-12-09T21:07:00.000Z|2018-12-07T07:50:00.000Z|2018-12-09T17:35:00.000Z|2018-12-06T23:00:00.000Z|2018-12-08T23:00:00.000Z|2018-12-06T23:00:00.000Z|2018-12-08T23:00:00.000Z|2|1|2|3|2|22|2|0|Madrid|3 h. 46 min.|7h 18m|3 h. 32 min.|Renfe|de 08:00 a 14:59|de 15:00 a 19:59|Renfe|12:36|22:07|08:50|18:35|Jerez|Tren|5bfc56a9f44f319b3ffed80b
213.8|2018-11-26T23:00:00.000Z|2018-12-07T22:52:00.000Z|2018-12-09T11:10:00.000Z|2018-12-07T18:14:00.000Z|2018-12-09T07:30:00.000Z|2018-12-06T23:00:00.000Z|2018-12-08T23:00:00.000Z|2018-12-06T23:00:00.000Z|2018-12-08T23:00:00.000Z|2|1|3|2|2|22|2|0|Madrid|4 h. 38 min.|8h 18m|3 h. 40 min.|Renfe|de 15:00 a 19:59|de 08:00 a 14:59|Renfe|23:52|12:10|19:14|08:30|Jerez|Tren|5bfc56a9f44f319b3ffed80c
213.8|2018-11-26T23:00:00.000Z|2018-12-07T22:52:00.000Z|2018-12-09T21:07:00.000Z|2018-12-07T18:14:00.000Z|2018-12-09T17:35:00.000Z|2018-12-06T23:00:00.000Z|2018-12-08T23:00:00.000Z|2018-12-06T23:00:00.000Z|2018-12-08T23:00:00.000Z|2|1|3|3|2|22|2|0|Madrid|4 h. 38 min.|8h 10m|3 h. 32 min.|Renfe|de 15:00 a 19:59|de 15:00 a 19:59|Renfe|23:52|22:07|19:14|18:35|Jerez|Tren|5bfc56a9f44f319b3ffed80d
148.0|2018-11-26T23:00:00.000Z|2018-12-07T16:40:01.000Z|2018-12-09T12:00:01.000Z|2018-12-07T11:00:00.000Z|2018-12-09T06:20:00.000Z|2018-12-06T23:00:00.000Z|2018-12-08T23:00:00.000Z|2018-12-06T23:00:00.000Z|2018-12-08T23:00:00.000Z|2|1|2|1|4|22|5|0|Madrid|5h 40m|11h 20m|5h 40m|Blablacar|de 08:00 a 14:59|de 00:00 a 7:59|Blablacar|17:40|13:00|12:00|07:20|Jerez|Blablacar|5bfcabaef44f319b3f000e06
135.0|2018-11-26T23:00:00.000Z|2018-12-07T16:40:01.000Z|2018-12-09T16:40:01.000Z|2018-12-07T11:00:00.000Z|2018-12-09T11:00:00.000Z|2018-12-06T23:00:00.000Z|2018-12-08T23:00:00.000Z|2018-12-06T23:00:00.000Z|2018-12-08T23:00:00.000Z|2|1|2|2|4|22|5|0|Madrid|5h 40m|11h 20m|5h 40m|Blablacar|de 08:00 a 14:59|de 08:00 a 14:59|Blablacar|17:40|17:40|12:00|12:00|Jerez|Blablacar|5bfcabaef44f319b3f000e09
132.0|2018-11-26T23:00:00.000Z|2018-12-07T11:40:01.000Z|2018-12-09T12:00:01.000Z|2018-12-07T06:00:00.000Z|2018-12-09T06:20:00.000Z|2018-12-06T23:00:00.000Z|2018-12-08T23:00:00.000Z|2018-12-06T23:00:00.000Z|2018-12-08T23:00:00.000Z|2|1|1|1|4|22|5|0|Madrid|5h 40m|11h 20m|5h 40m|Blablacar|de 00:00 a 7:59|de 00:00 a 7:59|Blablacar|12:40|13:00|07:00|07:20|Jerez|Blablacar|5bfcabaef44f319b3f000e05
132.0|2018-11-26T23:00:00.000Z|2018-12-07T19:40:01.000Z|2018-12-09T12:00:01.000Z|2018-12-07T14:00:00.000Z|2018-12-09T06:20:00.000Z|2018-12-06T23:00:00.000Z|2018-12-08T23:00:00.000Z|2018-12-06T23:00:00.000Z|2018-12-08T23:00:00.000Z|2|1|3|1|4|22|5|0|Madrid|5h 40m|11h 20m|5h 40m|Blablacar|de 15:00 a 19:59|de 00:00 a 7:59|Blablacar|20:40|13:00|15:00|07:20|Jerez|Blablacar|5bfcabaef44f319b3f000e07
128.0|2018-11-26T23:00:00.000Z|2018-12-07T16:40:01.000Z|2018-12-09T20:40:01.000Z|2018-12-07T11:00:00.000Z|2018-12-09T15:00:00.000Z|2018-12-06T23:00:00.000Z|2018-12-08T23:00:00.000Z|2018-12-06T23:00:00.000Z|2018-12-08T23:00:00.000Z|2|1|2|3|4|22|5|0|Madrid|5h 40m|11h 20m|5h 40m|Blablacar|de 08:00 a 14:59|de 15:00 a 19:59|Blablacar|17:40|21:40|12:00|16:00|Jerez|Blablacar|5bfcabaef44f319b3f000e0c
119.0|2018-11-26T23:00:00.000Z|2018-12-07T11:40:01.000Z|2018-12-09T16:40:01.000Z|2018-12-07T06:00:00.000Z|2018-12-09T11:00:00.000Z|2018-12-06T23:00:00.000Z|2018-12-08T23:00:00.000Z|2018-12-06T23:00:00.000Z|2018-12-08T23:00:00.000Z|2|1|1|2|4|22|5|0|Madrid|5h 40m|11h 20m|5h 40m|Blablacar|de 00:00 a 7:59|de 08:00 a 14:59|Blablacar|12:40|17:40|07:00|12:00|Jerez|Blablacar|5bfcabaef44f319b3f000e08
119.0|2018-11-26T23:00:00.000Z|2018-12-07T19:40:01.000Z|2018-12-09T16:40:01.000Z|2018-12-07T14:00:00.000Z|2018-12-09T11:00:00.000Z|2018-12-06T23:00:00.000Z|2018-12-08T23:00:00.000Z|2018-12-06T23:00:00.000Z|2018-12-08T23:00:00.000Z|2|1|3|2|4|22|5|0|Madrid|5h 40m|11h 20m|5h 40m|Blablacar|de 15:00 a 19:59|de 08:00 a 14:59|Blablacar|20:40|17:40|15:00|12:00|Jerez|Blablacar|5bfcabaef44f319b3f000e0a
112.0|2018-11-26T23:00:00.000Z|2018-12-07T11:40:01.000Z|2018-12-09T20:40:01.000Z|2018-12-07T06:00:00.000Z|2018-12-09T15:00:00.000Z|2018-12-06T23:00:00.000Z|2018-12-08T23:00:00.000Z|2018-12-06T23:00:00.000Z|2018-12-08T23:00:00.000Z|2|1|1|3|4|22|5|0|Madrid|5h 40m|11h 20m|5h 40m|Blablacar|de 00:00 a 7:59|de 15:00 a 19:59|Blablacar|12:40|21:40|07:00|16:00|Jerez|Blablacar|5bfcabaef44f319b3f000e0b
112.0|2018-11-26T23:00:00.000Z|2018-12-07T19:40:01.000Z|2018-12-09T20:40:01.000Z|2018-12-07T14:00:00.000Z|2018-12-09T15:00:00.000Z|2018-12-06T23:00:00.000Z|2018-12-08T23:00:00.000Z|2018-12-06T23:00:00.000Z|2018-12-08T23:00:00.000Z|2|1|3|3|4|22|5|0|Madrid|5h 40m|11h 20m|5h 40m|Blablacar|de 15:00 a 19:59|de 15:00 a 19:59|Blablacar|20:40|21:40|15:00|16:00|Jerez|Blablacar|5bfcabaef44f319b3f000e0d
85.422|2018-11-26T23:00:00.000Z|2018-12-07T10:40:01.000Z|2018-12-09T10:40:01.000Z|2018-12-07T05:00:00.000Z|2018-12-09T05:00:00.000Z|2018-12-06T23:00:00.000Z|2018-12-08T23:00:00.000Z|2018-12-06T23:00:00.000Z|2018-12-08T23:00:00.000Z|2|1|1|1|8|22|3|0|Madrid|5h 40m|11h 20m|5h 40m|Coche propio|de 00:00 a 7:59|de 00:00 a 7:59|Coche Propio|11:40|11:40|06:00|06:00|Jerez|Coche Propio|5bfc80fff44f319b3fff595e
85.422|2018-11-26T23:00:00.000Z|2018-12-07T10:40:01.000Z|2018-12-09T16:40:01.000Z|2018-12-07T05:00:00.000Z|2018-12-09T11:00:00.000Z|2018-12-06T23:00:00.000Z|2018-12-08T23:00:00.000Z|2018-12-06T23:00:00.000Z|2018-12-08T23:00:00.000Z|2|1|1|2|8|22|3|0|Madrid|5h 40m|11h 20m|5h 40m|Coche propio|de 00:00 a 7:59|de 08:00 a 14:59|Coche Propio|11:40|17:40|06:00|12:00|Jerez|Coche Propio|5bfc80fff44f319b3fff595f
85.422|2018-11-26T23:00:00.000Z|2018-12-07T10:40:01.000Z|2018-12-09T22:40:01.000Z|2018-12-07T05:00:00.000Z|2018-12-09T17:00:00.000Z|2018-12-06T23:00:00.000Z|2018-12-08T23:00:00.000Z|2018-12-06T23:00:00.000Z|2018-12-08T23:00:00.000Z|2|1|1|3|8|22|3|0|Madrid|5h 40m|11h 20m|5h 40m|Coche propio|de 00:00 a 7:59|de 15:00 a 19:59|Coche Propio|11:40|23:40|06:00|18:00|Jerez|Coche Propio|5bfc80fff44f319b3fff5960
85.422|2018-11-26T23:00:00.000Z|2018-12-07T16:40:01.000Z|2018-12-09T10:40:01.000Z|2018-12-07T11:00:00.000Z|2018-12-09T05:00:00.000Z|2018-12-06T23:00:00.000Z|2018-12-08T23:00:00.000Z|2018-12-06T23:00:00.000Z|2018-12-08T23:00:00.000Z|2|1|2|1|8|22|3|0|Madrid|5h 40m|11h 20m|5h 40m|Coche propio|de 08:00 a 14:59|de 00:00 a 7:59|Coche Propio|17:40|11:40|12:00|06:00|Jerez|Coche Propio|5bfc80fff44f319b3fff5962
85.422|2018-11-26T23:00:00.000Z|2018-12-07T16:40:01.000Z|2018-12-09T16:40:01.000Z|2018-12-07T11:00:00.000Z|2018-12-09T11:00:00.000Z|2018-12-06T23:00:00.000Z|2018-12-08T23:00:00.000Z|2018-12-06T23:00:00.000Z|2018-12-08T23:00:00.000Z|2|1|2|2|8|22|3|0|Madrid|5h 40m|11h 20m|5h 40m|Coche propio|de 08:00 a 14:59|de 08:00 a 14:59|Coche Propio|17:40|17:40|12:00|12:00|Jerez|Coche Propio|5bfc80fff44f319b3fff5963
85.422|2018-11-26T23:00:00.000Z|2018-12-07T16:40:01.000Z|2018-12-09T22:40:01.000Z|2018-12-07T11:00:00.000Z|2018-12-09T17:00:00.000Z|2018-12-06T23:00:00.000Z|2018-12-08T23:00:00.000Z|2018-12-06T23:00:00.000Z|2018-12-08T23:00:00.000Z|2|1|2|3|8|22|3|0|Madrid|5h 40m|11h 20m|5h 40m|Coche propio|de 08:00 a 14:59|de 15:00 a 19:59|Coche Propio|17:40|23:40|12:00|18:00|Jerez|Coche Propio|5bfc80fff44f319b3fff5964
85.422|2018-11-26T23:00:00.000Z|2018-12-07T22:40:01.000Z|2018-12-09T10:40:01.000Z|2018-12-07T17:00:00.000Z|2018-12-09T05:00:00.000Z|2018-12-06T23:00:00.000Z|2018-12-08T23:00:00.000Z|2018-12-06T23:00:00.000Z|2018-12-08T23:00:00.000Z|2|1|3|1|8|22|3|0|Madrid|5h 40m|11h 20m|5h 40m|Coche propio|de 15:00 a 19:59|de 00:00 a 7:59|Coche Propio|23:40|11:40|18:00|06:00|Jerez|Coche Propio|5bfc80fff44f319b3fff5966
85.422|2018-11-26T23:00:00.000Z|2018-12-07T22:40:01.000Z|2018-12-09T16:40:01.000Z|2018-12-07T17:00:00.000Z|2018-12-09T11:00:00.000Z|2018-12-06T23:00:00.000Z|2018-12-08T23:00:00.000Z|2018-12-06T23:00:00.000Z|2018-12-08T23:00:00.000Z|2|1|3|2|8|22|3|0|Madrid|5h 40m|11h 20m|5h 40m|Coche propio|de 15:00 a 19:59|de 08:00 a 14:59|Coche Propio|23:40|17:40|18:00|12:00|Jerez|Coche Propio|5bfc80fff44f319b3fff5967
85.422|2018-11-26T23:00:00.000Z|2018-12-07T22:40:01.000Z|2018-12-09T22:40:01.000Z|2018-12-07T17:00:00.000Z|2018-12-09T17:00:00.000Z|2018-12-06T23:00:00.000Z|2018-12-08T23:00:00.000Z|2018-12-06T23:00:00.000Z|2018-12-08T23:00:00.000Z|2|1|3|3|8|22|3|0|Madrid|5h 40m|11h 20m|5h 40m|Coche propio|de 15:00 a 19:59|de 15:00 a 19:59|Coche Propio|23:40|23:40|18:00|18:00|Jerez|Coche Propio|5bfc80fff44f319b3fff5968
85.422|2018-11-26T23:00:00.000Z|2018-12-08T01:40:01.000Z|2018-12-09T10:40:01.000Z|2018-12-07T20:00:00.000Z|2018-12-09T05:00:00.000Z|2018-12-07T23:00:00.000Z|2018-12-08T23:00:00.000Z|2018-12-06T23:00:00.000Z|2018-12-08T23:00:00.000Z|2|1|4|1|8|22|3|0|Madrid|5h 40m|11h 20m|5h 40m|Coche propio|de 20:00 a 23:59|de 00:00 a 7:59|Coche Propio|02:40|11:40|21:00|06:00|Jerez|Coche Propio|5bfc80fff44f319b3fff596a
85.422|2018-11-26T23:00:00.000Z|2018-12-08T01:40:01.000Z|2018-12-09T16:40:01.000Z|2018-12-07T20:00:00.000Z|2018-12-09T11:00:00.000Z|2018-12-07T23:00:00.000Z|2018-12-08T23:00:00.000Z|2018-12-06T23:00:00.000Z|2018-12-08T23:00:00.000Z|2|1|4|2|8|22|3|0|Madrid|5h 40m|11h 20m|5h 40m|Coche propio|de 20:00 a 23:59|de 08:00 a 14:59|Coche Propio|02:40|17:40|21:00|12:00|Jerez|Coche Propio|5bfc80fff44f319b3fff596b
85.422|2018-11-26T23:00:00.000Z|2018-12-08T01:40:01.000Z|2018-12-09T22:40:01.000Z|2018-12-07T20:00:00.000Z|2018-12-09T17:00:00.000Z|2018-12-07T23:00:00.000Z|2018-12-08T23:00:00.000Z|2018-12-06T23:00:00.000Z|2018-12-08T23:00:00.000Z|2|1|4|3|8|22|3|0|Madrid|5h 40m|11h 20m|5h 40m|Coche propio|de 20:00 a 23:59|de 15:00 a 19:59|Coche Propio|02:40|23:40|21:00|18:00|Jerez|Coche Propio|5bfc80fff44f319b3fff596c
126.0|2018-11-26T23:00:00.000Z|2018-12-01T00:40:01.000Z|2018-12-03T00:40:01.000Z|2018-11-30T19:00:00.000Z|2018-12-02T19:00:00.000Z|2018-11-30T23:00:00.000Z|2018-12-02T23:00:00.000Z|2018-11-29T23:00:00.000Z|2018-12-01T23:00:00.000Z|2|1|4|4|4|22|5|0|Madrid|5h 40m|11h 20m|5h 40m|Blablacar|de 20:00 a 23:59|de 20:00 a 23:59|Blablacar|01:40|01:40|20:00|20:00|Jerez|Blablacar|5bfcabaef44f319b3f000e04
119.0|2018-11-26T23:00:00.000Z|2018-11-30T06:40:01.000Z|2018-12-03T00:40:01.000Z|2018-11-30T01:00:00.000Z|2018-12-02T19:00:00.000Z|2018-11-29T23:00:00.000Z|2018-12-02T23:00:00.000Z|2018-11-29T23:00:00.000Z|2018-12-01T23:00:00.000Z|2|1|1|4|4|22|5|0|Madrid|5h 40m|11h 20m|5h 40m|Blablacar|de 00:00 a 7:59|de 20:00 a 23:59|Blablacar|07:40|01:40|02:00|20:00|Jerez|Blablacar|5bfcabaef44f319b3f000e01
119.0|2018-11-26T23:00:00.000Z|2018-11-30T12:40:01.000Z|2018-12-03T00:40:01.000Z|2018-11-30T07:00:00.000Z|2018-12-02T19:00:00.000Z|2018-11-29T23:00:00.000Z|2018-12-02T23:00:00.000Z|2018-11-29T23:00:00.000Z|2018-12-01T23:00:00.000Z|2|1|2|4|4|22|5|0|Madrid|5h 40m|11h 20m|5h 40m|Blablacar|de 08:00 a 14:59|de 20:00 a 23:59|Blablacar|13:40|01:40|08:00|20:00|Jerez|Blablacar|5bfcabaef44f319b3f000e02
109.0|2018-11-26T23:00:00.000Z|2018-11-30T19:40:01.000Z|2018-12-03T00:40:01.000Z|2018-11-30T14:00:00.000Z|2018-12-02T19:00:00.000Z|2018-11-29T23:00:00.000Z|2018-12-02T23:00:00.000Z|2018-11-29T23:00:00.000Z|2018-12-01T23:00:00.000Z|2|1|3|4|4|22|5|0|Madrid|5h 40m|11h 20m|5h 40m|Blablacar|de 15:00 a 19:59|de 20:00 a 23:59|Blablacar|20:40|01:40|15:00|20:00|Jerez|Blablacar|5bfcabaef44f319b3f000e03
98.0|2018-11-26T23:00:00.000Z|2018-12-01T00:40:01.000Z|2018-12-02T23:10:42.000Z|2018-11-30T19:00:00.000Z|2018-12-02T17:30:41.000Z|2018-11-30T23:00:00.000Z|2018-12-02T23:00:00.000Z|2018-11-29T23:00:00.000Z|2018-12-01T23:00:00.000Z|2|1|4|3|4|22|5|0|Madrid|5h 40m|11h 20m|5h 40m|Blablacar|de 20:00 a 23:59|de 15:00 a 19:59|Blablacar|01:40|00:10|20:00|18:30|Jerez|Blablacar|5bfcabaef44f319b3f000e00
91.0|2018-11-26T23:00:00.000Z|2018-11-30T06:40:01.000Z|2018-12-02T23:10:42.000Z|2018-11-30T01:00:00.000Z|2018-12-02T17:30:41.000Z|2018-11-29T23:00:00.000Z|2018-12-02T23:00:00.000Z|2018-11-29T23:00:00.000Z|2018-12-01T23:00:00.000Z|2|1|1|3|4|22|5|0|Madrid|5h 40m|11h 20m|5h 40m|Blablacar|de 00:00 a 7:59|de 15:00 a 19:59|Blablacar|07:40|00:10|02:00|18:30|Jerez|Blablacar|5bfcabaef44f319b3f000dfd
91.0|2018-11-26T23:00:00.000Z|2018-11-30T12:40:01.000Z|2018-12-02T23:10:42.000Z|2018-11-30T07:00:00.000Z|2018-12-02T17:30:41.000Z|2018-11-29T23:00:00.000Z|2018-12-02T23:00:00.000Z|2018-11-29T23:00:00.000Z|2018-12-01T23:00:00.000Z|2|1|2|3|4|22|5|0|Madrid|5h 40m|11h 20m|5h 40m|Blablacar|de 08:00 a 14:59|de 15:00 a 19:59|Blablacar|13:40|00:10|08:00|18:30|Jerez|Blablacar|5bfcabaef44f319b3f000dfe
85.422|2018-11-26T23:00:00.000Z|2018-11-30T10:40:01.000Z|2018-12-03T01:40:01.000Z|2018-11-30T05:00:00.000Z|2018-12-02T20:00:00.000Z|2018-11-29T23:00:00.000Z|2018-12-02T23:00:00.000Z|2018-11-29T23:00:00.000Z|2018-12-01T23:00:00.000Z|2|1|1|4|8|22|3|0|Madrid|5h 40m|11h 20m|5h 40m|Coche propio|de 00:00 a 7:59|de 20:00 a 23:59|Coche Propio|11:40|02:40|06:00|21:00|Jerez|Coche Propio|5bfc80faf44f319b3fff2b41
85.422|2018-11-26T23:00:00.000Z|2018-11-30T16:40:01.000Z|2018-12-03T01:40:01.000Z|2018-11-30T11:00:00.000Z|2018-12-02T20:00:00.000Z|2018-11-29T23:00:00.000Z|2018-12-02T23:00:00.000Z|2018-11-29T23:00:00.000Z|2018-12-01T23:00:00.000Z|2|1|2|4|8|22|3|0|Madrid|5h 40m|11h 20m|5h 40m|Coche propio|de 08:00 a 14:59|de 20:00 a 23:59|Coche Propio|17:40|02:40|12:00|21:00|Jerez|Coche Propio|5bfc80faf44f319b3fff2b45
85.422|2018-11-26T23:00:00.000Z|2018-11-30T22:40:01.000Z|2018-12-03T01:40:01.000Z|2018-11-30T17:00:00.000Z|2018-12-02T20:00:00.000Z|2018-11-29T23:00:00.000Z|2018-12-02T23:00:00.000Z|2018-11-29T23:00:00.000Z|2018-12-01T23:00:00.000Z|2|1|3|4|8|22|3|0|Madrid|5h 40m|11h 20m|5h 40m|Coche propio|de 15:00 a 19:59|de 20:00 a 23:59|Coche Propio|23:40|02:40|18:00|21:00|Jerez|Coche Propio|5bfc80faf44f319b3fff2b49
85.422|2018-11-26T23:00:00.000Z|2018-12-01T01:40:01.000Z|2018-12-03T01:40:01.000Z|2018-11-30T20:00:00.000Z|2018-12-02T20:00:00.000Z|2018-11-30T23:00:00.000Z|2018-12-02T23:00:00.000Z|2018-11-29T23:00:00.000Z|2018-12-01T23:00:00.000Z|2|1|4|4|8|22|3|0|Madrid|5h 40m|11h 20m|5h 40m|Coche propio|de 20:00 a 23:59|de 20:00 a 23:59|Coche Propio|02:40|02:40|21:00|21:00|Jerez|Coche Propio|5bfc80faf44f319b3fff2b4d
81.0|2018-11-26T23:00:00.000Z|2018-11-30T19:40:01.000Z|2018-12-02T23:10:42.000Z|2018-11-30T14:00:00.000Z|2018-12-02T17:30:41.000Z|2018-11-29T23:00:00.000Z|2018-12-02T23:00:00.000Z|2018-11-29T23:00:00.000Z|2018-12-01T23:00:00.000Z|2|1|3|3|4|22|5|0|Madrid|5h 40m|11h 20m|5h 40m|Blablacar|de 15:00 a 19:59|de 15:00 a 19:59|Blablacar|20:40|00:10|15:00|18:30|Jerez|Blablacar|5bfcabaef44f319b3f000dff
1041.0|2018-11-26T23:00:00.000Z|2018-11-30T17:55:00.000Z|2018-12-02T11:45:00.000Z|2018-11-30T16:40:00.000Z|2018-12-02T10:30:00.000Z|2018-11-29T23:00:00.000Z|2018-12-01T23:00:00.000Z|2018-11-29T23:00:00.000Z|2018-12-01T23:00:00.000Z|2|1|3|2|1|22|1|0|Madrid|1h 15m|2h 30m|1h 15m|Iberia,Iberia|de 15:00 a 19:59|de 08:00 a 14:59|Skyscanner|18:55|12:45|17:40|11:30|Jerez|Avión|5bfd1c90f44f319b3f00d074
1041.0|2018-11-26T23:00:00.000Z|2018-11-30T17:55:00.000Z|2018-12-02T16:00:00.000Z|2018-11-30T16:40:00.000Z|2018-12-02T14:45:00.000Z|2018-11-29T23:00:00.000Z|2018-12-01T23:00:00.000Z|2018-11-29T23:00:00.000Z|2018-12-01T23:00:00.000Z|2|1|3|3|1|22|1|0|Madrid|1h 15m|2h 30m|1h 15m|Iberia,Iberia|de 15:00 a 19:59|de 15:00 a 19:59|Skyscanner|18:55|17:00|17:40|15:45|Jerez|Avión|5bfd1c90f44f319b3f00d078
1040.0|2018-11-26T23:00:00.000Z|2018-11-30T17:55:00.000Z|2018-12-02T13:10:00.000Z|2018-11-30T16:40:00.000Z|2018-12-02T06:00:00.000Z|2018-11-29T23:00:00.000Z|2018-12-01T23:00:00.000Z|2018-11-29T23:00:00.000Z|2018-12-01T23:00:00.000Z|2|1|3|1|1|22|1|0|Madrid|1h 15m|8h 25m|7h 10m|Iberia,Vueling Airlines|de 15:00 a 19:59|de 00:00 a 7:59|Skyscanner|18:55|14:10|17:40|07:00|Jerez|Avión|5bfd1c90f44f319b3f00d075
919.0|2018-11-26T23:00:00.000Z|2018-11-30T17:55:00.000Z|2018-12-02T21:40:00.000Z|2018-11-30T16:40:00.000Z|2018-12-02T20:25:00.000Z|2018-11-29T23:00:00.000Z|2018-12-01T23:00:00.000Z|2018-11-29T23:00:00.000Z|2018-12-01T23:00:00.000Z|2|1|3|4|1|22|1|0|Madrid|1h 15m|2h 30m|1h 15m|Iberia,Iberia|de 15:00 a 19:59|de 20:00 a 23:59|Skyscanner|18:55|22:40|17:40|21:25|Jerez|Avión|5bfd1c90f44f319b3f00d079
723.0|2018-11-26T23:00:00.000Z|2018-11-30T10:55:00.000Z|2018-12-02T13:10:00.000Z|2018-11-30T09:45:00.000Z|2018-12-02T06:00:00.000Z|2018-11-29T23:00:00.000Z|2018-12-01T23:00:00.000Z|2018-11-29T23:00:00.000Z|2018-12-01T23:00:00.000Z|2|1|2|1|1|22|1|0|Madrid|1h 10m|8h 20m|7h 10m|Air Nostrum,Vueling Airlines|de 08:00 a 14:59|de 00:00 a 7:59|Skyscanner|11:55|14:10|10:45|07:00|Jerez|Avión|5bfd1c90f44f319b3f00d072
627.0|2018-11-26T23:00:00.000Z|2018-11-30T10:55:00.000Z|2018-12-02T11:45:00.000Z|2018-11-30T09:45:00.000Z|2018-12-02T10:30:00.000Z|2018-11-29T23:00:00.000Z|2018-12-01T23:00:00.000Z|2018-11-29T23:00:00.000Z|2018-12-01T23:00:00.000Z|2|1|2|2|1|22|1|0|Madrid|1h 10m|2h 25m|1h 15m|Air Nostrum,Iberia|de 08:00 a 14:59|de 08:00 a 14:59|Skyscanner|11:55|12:45|10:45|11:30|Jerez|Avión|5bfd1c90f44f319b3f00d076
627.0|2018-11-26T23:00:00.000Z|2018-11-30T10:55:00.000Z|2018-12-02T16:00:00.000Z|2018-11-30T09:45:00.000Z|2018-12-02T14:45:00.000Z|2018-11-29T23:00:00.000Z|2018-12-01T23:00:00.000Z|2018-11-29T23:00:00.000Z|2018-12-01T23:00:00.000Z|2|1|2|3|1|22|1|0|Madrid|1h 10m|2h 25m|1h 15m|Air Nostrum,Iberia|de 08:00 a 14:59|de 15:00 a 19:59|Skyscanner|11:55|17:00|10:45|15:45|Jerez|Avión|5bfd1c90f44f319b3f00d077
504.0|2018-11-26T23:00:00.000Z|2018-11-30T10:55:00.000Z|2018-12-02T21:40:00.000Z|2018-11-30T09:45:00.000Z|2018-12-02T20:25:00.000Z|2018-11-29T23:00:00.000Z|2018-12-01T23:00:00.000Z|2018-11-29T23:00:00.000Z|2018-12-01T23:00:00.000Z|2|1|2|4|1|22|1|0|Madrid|1h 10m|2h 25m|1h 15m|Air Nostrum,Iberia|de 08:00 a 14:59|de 20:00 a 23:59|Skyscanner|11:55|22:40|10:45|21:25|Jerez|Avión|5bfd1c90f44f319b3f00d073
241.9|2018-11-26T23:00:00.000Z|2018-11-30T09:06:00.000Z|2018-12-02T21:07:00.000Z|2018-11-30T05:17:00.000Z|2018-12-02T17:35:00.000Z|2018-11-29T23:00:00.000Z|2018-12-01T23:00:00.000Z|2018-11-29T23:00:00.000Z|2018-12-01T23:00:00.000Z|2|1|1|3|2|22|2|0|Madrid|3 h. 49 min.|7h 21m|3 h. 32 min.|Renfe|de 00:00 a 7:59|de 15:00 a 19:59|Renfe|10:06|22:07|06:17|18:35|Jerez|Tren|5bfc56a9f44f319b3ffed803
228.8|2018-11-26T23:00:00.000Z|2018-11-30T16:50:00.000Z|2018-12-02T21:07:00.000Z|2018-11-30T13:06:00.000Z|2018-12-02T17:35:00.000Z|2018-11-29T23:00:00.000Z|2018-12-01T23:00:00.000Z|2018-11-29T23:00:00.000Z|2018-12-01T23:00:00.000Z|2|1|2|3|2|22|2|0|Madrid|3 h. 44 min.|7h 16m|3 h. 32 min.|Renfe|de 08:00 a 14:59|de 15:00 a 19:59|Renfe|17:50|22:07|14:06|18:35|Jerez|Tren|5bfc56a9f44f319b3ffed805
207.3|2018-11-26T23:00:00.000Z|2018-11-30T22:52:00.000Z|2018-12-02T21:07:00.000Z|2018-11-30T18:14:00.000Z|2018-12-02T17:35:00.000Z|2018-11-29T23:00:00.000Z|2018-12-01T23:00:00.000Z|2018-11-29T23:00:00.000Z|2018-12-01T23:00:00.000Z|2|1|3|3|2|22|2|0|Madrid|4 h. 38 min.|8h 10m|3 h. 32 min.|Renfe|de 15:00 a 19:59|de 15:00 a 19:59|Renfe|23:52|22:07|19:14|18:35|Jerez|Tren|5bfc56a9f44f319b3ffed807
199.5|2018-11-26T23:00:00.000Z|2018-11-30T09:06:00.000Z|2018-12-02T11:10:00.000Z|2018-11-30T05:17:00.000Z|2018-12-02T07:30:00.000Z|2018-11-29T23:00:00.000Z|2018-12-01T23:00:00.000Z|2018-11-29T23:00:00.000Z|2018-12-01T23:00:00.000Z|2|1|1|2|2|22|2|0|Madrid|3 h. 49 min.|7h 29m|3 h. 40 min.|Renfe|de 00:00 a 7:59|de 08:00 a 14:59|Renfe|10:06|12:10|06:17|08:30|Jerez|Tren|5bfc56a9f44f319b3ffed802
186.4|2018-11-26T23:00:00.000Z|2018-11-30T16:50:00.000Z|2018-12-02T11:10:00.000Z|2018-11-30T13:06:00.000Z|2018-12-02T07:30:00.000Z|2018-11-29T23:00:00.000Z|2018-12-01T23:00:00.000Z|2018-11-29T23:00:00.000Z|2018-12-01T23:00:00.000Z|2|1|2|2|2|22|2|0|Madrid|3 h. 44 min.|7h 24m|3 h. 40 min.|Renfe|de 08:00 a 14:59|de 08:00 a 14:59|Renfe|17:50|12:10|14:06|08:30|Jerez|Tren|5bfc56a9f44f319b3ffed804
164.9|2018-11-26T23:00:00.000Z|2018-11-30T22:52:00.000Z|2018-12-02T11:10:00.000Z|2018-11-30T18:14:00.000Z|2018-12-02T07:30:00.000Z|2018-11-29T23:00:00.000Z|2018-12-01T23:00:00.000Z|2018-11-29T23:00:00.000Z|2018-12-01T23:00:00.000Z|2|1|3|2|2|22|2|0|Madrid|4 h. 38 min.|8h 18m|3 h. 40 min.|Renfe|de 15:00 a 19:59|de 08:00 a 14:59|Renfe|23:52|12:10|19:14|08:30|Jerez|Tren|5bfc56a9f44f319b3ffed806
103.0|2018-11-26T23:00:00.000Z|2018-12-01T00:40:01.000Z|2018-12-02T14:40:01.000Z|2018-11-30T19:00:00.000Z|2018-12-02T09:00:00.000Z|2018-11-30T23:00:00.000Z|2018-12-01T23:00:00.000Z|2018-11-29T23:00:00.000Z|2018-12-01T23:00:00.000Z|2|1|4|2|4|22|5|0|Madrid|5h 40m|11h 20m|5h 40m|Blablacar|de 20:00 a 23:59|de 08:00 a 14:59|Blablacar|01:40|15:40|20:00|10:00|Jerez|Blablacar|5bfcabaef44f319b3f000dfc
96.0|2018-11-26T23:00:00.000Z|2018-11-30T06:40:01.000Z|2018-12-02T14:40:01.000Z|2018-11-30T01:00:00.000Z|2018-12-02T09:00:00.000Z|2018-11-29T23:00:00.000Z|2018-12-01T23:00:00.000Z|2018-11-29T23:00:00.000Z|2018-12-01T23:00:00.000Z|2|1|1|2|4|22|5|0|Madrid|5h 40m|11h 20m|5h 40m|Blablacar|de 00:00 a 7:59|de 08:00 a 14:59|Blablacar|07:40|15:40|02:00|10:00|Jerez|Blablacar|5bfcabaef44f319b3f000df9
96.0|2018-11-26T23:00:00.000Z|2018-11-30T12:40:01.000Z|2018-12-02T14:40:01.000Z|2018-11-30T07:00:00.000Z|2018-12-02T09:00:00.000Z|2018-11-29T23:00:00.000Z|2018-12-01T23:00:00.000Z|2018-11-29T23:00:00.000Z|2018-12-01T23:00:00.000Z|2|1|2|2|4|22|5|0|Madrid|5h 40m|11h 20m|5h 40m|Blablacar|de 08:00 a 14:59|de 08:00 a 14:59|Blablacar|13:40|15:40|08:00|10:00|Jerez|Blablacar|5bfcabaef44f319b3f000dfa
86.0|2018-11-26T23:00:00.000Z|2018-11-30T19:40:01.000Z|2018-12-02T14:40:01.000Z|2018-11-30T14:00:00.000Z|2018-12-02T09:00:00.000Z|2018-11-29T23:00:00.000Z|2018-12-01T23:00:00.000Z|2018-11-29T23:00:00.000Z|2018-12-01T23:00:00.000Z|2|1|3|2|4|22|5|0|Madrid|5h 40m|11h 20m|5h 40m|Blablacar|de 15:00 a 19:59|de 08:00 a 14:59|Blablacar|20:40|15:40|15:00|10:00|Jerez|Blablacar|5bfcabaef44f319b3f000dfb
85.422|2018-11-26T23:00:00.000Z|2018-11-30T10:40:01.000Z|2018-12-02T10:40:01.000Z|2018-11-30T05:00:00.000Z|2018-12-02T05:00:00.000Z|2018-11-29T23:00:00.000Z|2018-12-01T23:00:00.000Z|2018-11-29T23:00:00.000Z|2018-12-01T23:00:00.000Z|2|1|1|1|8|22|3|0|Madrid|5h 40m|11h 20m|5h 40m|Coche propio|de 00:00 a 7:59|de 00:00 a 7:59|Coche Propio|11:40|11:40|06:00|06:00|Jerez|Coche Propio|5bfc80faf44f319b3fff2b3e
85.422|2018-11-26T23:00:00.000Z|2018-11-30T10:40:01.000Z|2018-12-02T16:40:01.000Z|2018-11-30T05:00:00.000Z|2018-12-02T11:00:00.000Z|2018-11-29T23:00:00.000Z|2018-12-01T23:00:00.000Z|2018-11-29T23:00:00.000Z|2018-12-01T23:00:00.000Z|2|1|1|2|8|22|3|0|Madrid|5h 40m|11h 20m|5h 40m|Coche propio|de 00:00 a 7:59|de 08:00 a 14:59|Coche Propio|11:40|17:40|06:00|12:00|Jerez|Coche Propio|5bfc80faf44f319b3fff2b3f
85.422|2018-11-26T23:00:00.000Z|2018-11-30T10:40:01.000Z|2018-12-02T22:40:01.000Z|2018-11-30T05:00:00.000Z|2018-12-02T17:00:00.000Z|2018-11-29T23:00:00.000Z|2018-12-01T23:00:00.000Z|2018-11-29T23:00:00.000Z|2018-12-01T23:00:00.000Z|2|1|1|3|8|22|3|0|Madrid|5h 40m|11h 20m|5h 40m|Coche propio|de 00:00 a 7:59|de 15:00 a 19:59|Coche Propio|11:40|23:40|06:00|18:00|Jerez|Coche Propio|5bfc80faf44f319b3fff2b40
85.422|2018-11-26T23:00:00.000Z|2018-11-30T16:40:01.000Z|2018-12-02T10:40:01.000Z|2018-11-30T11:00:00.000Z|2018-12-02T05:00:00.000Z|2018-11-29T23:00:00.000Z|2018-12-01T23:00:00.000Z|2018-11-29T23:00:00.000Z|2018-12-01T23:00:00.000Z|2|1|2|1|8|22|3|0|Madrid|5h 40m|11h 20m|5h 40m|Coche propio|de 08:00 a 14:59|de 00:00 a 7:59|Coche Propio|17:40|11:40|12:00|06:00|Jerez|Coche Propio|5bfc80faf44f319b3fff2b42
85.422|2018-11-26T23:00:00.000Z|2018-11-30T16:40:01.000Z|2018-12-02T16:40:01.000Z|2018-11-30T11:00:00.000Z|2018-12-02T11:00:00.000Z|2018-11-29T23:00:00.000Z|2018-12-01T23:00:00.000Z|2018-11-29T23:00:00.000Z|2018-12-01T23:00:00.000Z|2|1|2|2|8|22|3|0|Madrid|5h 40m|11h 20m|5h 40m|Coche propio|de 08:00 a 14:59|de 08:00 a 14:59|Coche Propio|17:40|17:40|12:00|12:00|Jerez|Coche Propio|5bfc80faf44f319b3fff2b43
85.422|2018-11-26T23:00:00.000Z|2018-11-30T16:40:01.000Z|2018-12-02T22:40:01.000Z|2018-11-30T11:00:00.000Z|2018-12-02T17:00:00.000Z|2018-11-29T23:00:00.000Z|2018-12-01T23:00:00.000Z|2018-11-29T23:00:00.000Z|2018-12-01T23:00:00.000Z|2|1|2|3|8|22|3|0|Madrid|5h 40m|11h 20m|5h 40m|Coche propio|de 08:00 a 14:59|de 15:00 a 19:59|Coche Propio|17:40|23:40|12:00|18:00|Jerez|Coche Propio|5bfc80faf44f319b3fff2b44
85.422|2018-11-26T23:00:00.000Z|2018-11-30T22:40:01.000Z|2018-12-02T10:40:01.000Z|2018-11-30T17:00:00.000Z|2018-12-02T05:00:00.000Z|2018-11-29T23:00:00.000Z|2018-12-01T23:00:00.000Z|2018-11-29T23:00:00.000Z|2018-12-01T23:00:00.000Z|2|1|3|1|8|22|3|0|Madrid|5h 40m|11h 20m|5h 40m|Coche propio|de 15:00 a 19:59|de 00:00 a 7:59|Coche Propio|23:40|11:40|18:00|06:00|Jerez|Coche Propio|5bfc80faf44f319b3fff2b46
85.422|2018-11-26T23:00:00.000Z|2018-11-30T22:40:01.000Z|2018-12-02T16:40:01.000Z|2018-11-30T17:00:00.000Z|2018-12-02T11:00:00.000Z|2018-11-29T23:00:00.000Z|2018-12-01T23:00:00.000Z|2018-11-29T23:00:00.000Z|2018-12-01T23:00:00.000Z|2|1|3|2|8|22|3|0|Madrid|5h 40m|11h 20m|5h 40m|Coche propio|de 15:00 a 19:59|de 08:00 a 14:59|Coche Propio|23:40|17:40|18:00|12:00|Jerez|Coche Propio|5bfc80faf44f319b3fff2b47
85.422|2018-11-26T23:00:00.000Z|2018-11-30T22:40:01.000Z|2018-12-02T22:40:01.000Z|2018-11-30T17:00:00.000Z|2018-12-02T17:00:00.000Z|2018-11-29T23:00:00.000Z|2018-12-01T23:00:00.000Z|2018-11-29T23:00:00.000Z|2018-12-01T23:00:00.000Z|2|1|3|3|8|22|3|0|Madrid|5h 40m|11h 20m|5h 40m|Coche propio|de 15:00 a 19:59|de 15:00 a 19:59|Coche Propio|23:40|23:40|18:00|18:00|Jerez|Coche Propio|5bfc80faf44f319b3fff2b48
85.422|2018-11-26T23:00:00.000Z|2018-12-01T01:40:01.000Z|2018-12-02T10:40:01.000Z|2018-11-30T20:00:00.000Z|2018-12-02T05:00:00.000Z|2018-11-30T23:00:00.000Z|2018-12-01T23:00:00.000Z|2018-11-29T23:00:00.000Z|2018-12-01T23:00:00.000Z|2|1|4|1|8|22|3|0|Madrid|5h 40m|11h 20m|5h 40m|Coche propio|de 20:00 a 23:59|de 00:00 a 7:59|Coche Propio|02:40|11:40|21:00|06:00|Jerez|Coche Propio|5bfc80faf44f319b3fff2b4a
85.422|2018-11-26T23:00:00.000Z|2018-12-01T01:40:01.000Z|2018-12-02T16:40:01.000Z|2018-11-30T20:00:00.000Z|2018-12-02T11:00:00.000Z|2018-11-30T23:00:00.000Z|2018-12-01T23:00:00.000Z|2018-11-29T23:00:00.000Z|2018-12-01T23:00:00.000Z|2|1|4|2|8|22|3|0|Madrid|5h 40m|11h 20m|5h 40m|Coche propio|de 20:00 a 23:59|de 08:00 a 14:59|Coche Propio|02:40|17:40|21:00|12:00|Jerez|Coche Propio|5bfc80faf44f319b3fff2b4b
85.422|2018-11-26T23:00:00.000Z|2018-12-01T01:40:01.000Z|2018-12-02T22:40:01.000Z|2018-11-30T20:00:00.000Z|2018-12-02T17:00:00.000Z|2018-11-30T23:00:00.000Z|2018-12-01T23:00:00.000Z|2018-11-29T23:00:00.000Z|2018-12-01T23:00:00.000Z|2|1|4|3|8|22|3|0|Madrid|5h 40m|11h 20m|5h 40m|Coche propio|de 20:00 a 23:59|de 15:00 a 19:59|Coche Propio|02:40|23:40|21:00|18:00|Jerez|Coche Propio|5bfc80faf44f319b3fff2b4c
